id,symbol,name,image,current_price,market_cap,market_cap_rank,fully_diluted_valuation,total_volume,high_24h,low_24h,price_change_24h,price_change_percentage_24h,market_cap_change_24h,market_cap_change_percentage_24h,circulating_supply,total_supply,max_supply,ath,ath_change_percentage,ath_date,atl,atl_change_percentage,atl_date,roi,last_updated
bitcoin,btc,Bitcoin,https://assets.coingecko.com/coins/images/1/large/bitcoin.png?1547033579,35994.0,677915623138,1,759477138877.0,34769129294,36590.0,34314.0,1453.31,4.20754,32571030005.0,5.04708,18744775.0,21000000.0,21000000.0,64805.0,-44.19299,2021-04-14T11:54:46.763Z,67.81,53234.48074,2013-07-06T00:00:00.000Z,,2021-06-29T22:28:47.911Z
ethereum,eth,Ethereum,https://assets.coingecko.com/coins/images/279/large/ethereum.png?1595348880,2191.1,257171364166,2,,27580107645,2243.9,2079.29,86.8,4.125,12823679587.0,5.24813,116493695.874,,,4356.99,-49.33199,2021-05-12T14:41:48.623Z,0.432979,509763.3015,2015-10-20T00:00:00.000Z,"{'times': 80.18578506946349, 'currency': 'btc', 'percentage': 8018.578506946349}",2021-06-29T22:28:49.182Z
tether,usdt,Tether,https://assets.coingecko.com/coins/images/325/large/Tether-logo.png?1598003707,1.0,62768550529,3,,69586477416,1.01,0.99858,-0.001319283151,-0.13148,-162523766.2542801,-0.25826,62636527807.3693,62636527807.3693,,1.32,-24.26035,2018-07-24T00:00:00.000Z,0.572521,75.03424,2015-03-02T00:00:00.000Z,,2021-06-29T22:05:30.411Z
binancecoin,bnb,Binance Coin,https://assets.coingecko.com/coins/images/825/large/binance-coin-logo.png?1547034615,303.58,47092436467,4,51968261080.0,1873707934,314.39,288.78,11.83,4.05544,1874864186.0,4.14632,154533651.9,170533651.9,170533651.9,686.31,-55.59725,2021-05-10T07:24:17.097Z,0.0398177,765235.66689,2017-10-19T00:00:00.000Z,,2021-06-29T22:28:08.999Z
cardano,ada,Cardano,https://assets.coingecko.com/coins/images/975/large/cardano.png?1547034860,1.39,44623992938,5,62622566505.0,3536300591,1.42,1.32,0.053897,4.04694,2020108856.0,4.74161,32066390668.4135,45000000000.0,45000000000.0,2.45,-43.09449,2021-05-16T07:44:28.033Z,0.01925275,7128.12486,2020-03-13T02:22:55.044Z,,2021-06-29T22:28:40.825Z
dogecoin,doge,Dogecoin,https://assets.coingecko.com/coins/images/5/large/dogecoin.png?1547792256,0.266118,34815813929,6,,2797533640,0.274801,0.254575,0.00787319,3.04873,1186324007.0,3.52763,130234209885.741,,,0.731578,-63.45813,2021-05-08T05:08:23.458Z,8.69e-05,307518.83249,2015-05-06T00:00:00.000Z,,2021-06-29T22:28:40.208Z
ripple,xrp,XRP,https://assets.coingecko.com/coins/images/44/large/xrp-symbol-white-128.png?1605778731,0.709622,33000750985,7,,4200081688,0.728088,0.642583,0.061499,9.48875,3003777282.0,10.0136,46146927647.0,100000000000.0,,3.4,-78.95736,2018-01-07T00:00:00.000Z,0.00268621,26522.05701,2014-05-22T00:00:00.000Z,,2021-06-29T22:28:45.281Z
usd-coin,usdc,USD Coin,https://assets.coingecko.com/coins/images/6319/large/USD_Coin_icon.png?1547042389,0.998267,25250881887,8,,3505834801,1.01,0.996005,-0.004190324864,-0.41801,-437881315.23459244,-1.70456,25245604764.1497,25250764982.5597,,1.17,-14.70932,2019-05-08T00:40:28.300Z,0.891848,12.15018,2021-05-19T13:14:05.611Z,,2021-06-29T22:28:19.850Z
polkadot,dot,Polkadot,https://assets.coingecko.com/coins/images/12171/large/aJGBjJFU_400x400.jpg?1597804776,16.23,16473920734,9,,904165538,17.04,15.67,0.485663,3.08555,673798312.0,4.26451,1005859447.28236,1086808581.70423,,49.35,-66.81081,2021-05-15T03:59:58.961Z,2.7,507.18428,2020-08-20T05:48:11.359Z,,2021-06-29T22:28:40.563Z
binance-usd,busd,Binance USD,https://assets.coingecko.com/coins/images/9576/large/BUSD.png?1568947766,1.0,10116621360,10,,3830204351,1.01,0.995008,-0.000967440233,-0.09663,128845658.0,1.29003,10107127686.5,10107127686.5,,1.15,-13.27882,2020-03-13T02:35:42.953Z,0.901127,11.07636,2021-05-19T13:04:37.445Z,,2021-06-29T22:28:14.340Z
bitcoin-cash,bch,Bitcoin Cash,https://assets.coingecko.com/coins/images/780/large/bitcoin-cash-circle.png?1594689492,523.23,9892077747,11,,4006258401,545.66,498.49,20.93,4.16757,455907879.0,4.83149,18776806.1467894,21000000.0,,3785.82,-86.08427,2017-12-20T00:00:00.000Z,76.93,584.76728,2018-12-16T00:00:00.000Z,,2021-06-29T22:28:28.812Z
uniswap,uni,Uniswap,https://assets.coingecko.com/coins/images/12504/large/uniswap-uni.png?1600306604,18.7,9772217243,12,18797880855.0,328400182,19.22,17.61,0.889946,4.99705,485313329.0,5.22578,519857388.1320768,1000000000.0,1000000000.0,44.92,-58.14937,2021-05-03T05:25:04.822Z,1.03,1724.79353,2020-09-17T01:20:38.214Z,,2021-06-29T22:28:01.707Z
litecoin,ltc,Litecoin,https://assets.coingecko.com/coins/images/2/large/litecoin.png?1547033580,145.09,9745994090,13,,3102826863,149.02,136.85,7.01,5.08013,539821685.0,5.86369,66752414.5153875,84000000.0,,410.26,-64.41255,2021-05-10T03:13:07.904Z,1.15,12608.534,2015-01-14T00:00:00.000Z,,2021-06-29T22:28:41.575Z
solana,sol,Solana,https://assets.coingecko.com/coins/images/4128/large/coinmarketcap-solana-200.png?1616489452,34.32,9421987732,14,16886444443.0,633162832,35.79,32.84,0.930886,2.78807,333690507.0,3.67165,272637122.50492,488630611.0,488630611.0,58.03,-40.49921,2021-05-18T16:59:08.690Z,0.500801,6795.06634,2020-05-11T19:35:23.449Z,,2021-06-29T22:28:07.809Z
chainlink,link,Chainlink,https://assets.coingecko.com/coins/images/877/large/chainlink-new-logo.png?1547034700,19.63,8644089465,15,19848220062.0,1040640831,20.52,18.74,0.608055,3.1968,406065627.0,4.92916,435509553.9174637,1000000000.0,1000000000.0,52.7,-62.33476,2021-05-10T00:13:57.214Z,0.148183,13294.43324,2017-11-29T00:00:00.000Z,,2021-06-29T22:28:34.254Z
internet-computer,icp,Internet Computer,https://assets.coingecko.com/coins/images/14495/large/Internet_Computer_logo.png?1620703073,55.11,7546692849,16,26196023913.0,884278057,58.71,47.17,6.07,12.37309,935879786.0,14.1568,135173634.05,469213710.0,469213710.0,700.65,-92.0232,2021-05-10T16:05:53.653Z,28.53,95.90431,2021-06-26T09:17:59.599Z,,2021-06-29T22:27:56.072Z
matic-network,matic,Polygon,https://assets.coingecko.com/coins/images/4713/large/matic-token-icon.png?1624446912,1.18,7500200321,17,11898616235.0,1099697576,1.25,1.12,0.050102,4.42594,369689021.0,5.18461,6303422325.0,10000000000.0,10000000000.0,2.62,-54.59286,2021-05-18T19:38:18.813Z,0.00314376,37748.32481,2019-05-10T00:00:00.000Z,"{'times': 448.47317668977564, 'currency': 'usd', 'percentage': 44847.317668977565}",2021-06-29T22:28:13.295Z
theta-token,theta,Theta Network,https://assets.coingecko.com/coins/images/2538/large/theta-token-logo.png?1548387191,7.17,7206687055,18,,276030909,7.42,6.88,0.175842,2.5134,213297483.0,3.04999,1000000000.0,1000000000.0,,15.72,-54.15511,2021-04-16T13:15:11.190Z,0.04039979,17738.42499,2020-03-13T02:24:16.483Z,"{'times': 46.81347561827505, 'currency': 'usd', 'percentage': 4681.347561827504}",2021-06-29T22:28:24.140Z
ethereum-classic,etc,Ethereum Classic,https://assets.coingecko.com/coins/images/453/large/ethereum-classic-logo.png?1547034169,55.2,7155659140,19,,6891347212,57.96,43.12,11.48,26.24737,1550230806.0,27.65588,128207784.460712,210700000.0,,167.09,-66.59613,2021-05-06T18:34:22.133Z,0.615038,8974.72139,2016-07-25T00:00:00.000Z,"{'times': 121.66458490267027, 'currency': 'usd', 'percentage': 12166.458490267027}",2021-06-29T22:28:38.817Z
wrapped-bitcoin,wbtc,Wrapped Bitcoin,https://assets.coingecko.com/coins/images/7598/large/wrapped_bitcoin_wbtc.png?1548822744,36090.0,7024139808,20,7024139808.0,392799567,36532.0,34310.0,1571.66,4.55315,342035370.0,5.11868,194025.49400179,194025.49400179,194025.49400179,64565.0,-43.92935,2021-04-14T12:00:05.340Z,3139.17,1053.23831,2019-04-02T00:00:00.000Z,,2021-06-29T22:28:06.968Z
stellar,xlm,Stellar,https://assets.coingecko.com/coins/images/100/large/Stellar_symbol_black_RGB.png?1552356157,0.280794,6562749993,21,,563392252,0.292941,0.262937,0.01555933,5.86625,440666129.0,7.19798,23207246126.7033,50000000000.0,,0.875563,-67.70206,2018-01-03T00:00:00.000Z,0.00047612,59294.02168,2015-03-05T00:00:00.000Z,,2021-06-29T22:28:43.028Z
vechain,vet,VeChain,https://assets.coingecko.com/coins/images/1167/large/VeChain-Logo-768x725.png?1547035194,0.09,5946361682,22,,1009097063,0.094768,0.078789,0.0096745,12.04419,723425184.0,13.85093,65241752869.0,86712634466.0,,0.280991,-67.56356,2021-04-19T01:08:21.675Z,0.00191713,4654.15546,2020-03-13T02:29:59.652Z,"{'times': 13.375720160581642, 'currency': 'eth', 'percentage': 1337.5720160581643}",2021-06-29T22:28:35.878Z
filecoin,fil,Filecoin,https://assets.coingecko.com/coins/images/12817/large/filecoin.png?1602753933,60.96,5115481414,23,121122703208.0,691392135,61.93,56.18,4.28,7.54898,434759610.0,9.2883,83333769.0,1973149847.0,1973149847.0,236.84,-74.08112,2021-04-01T13:29:41.564Z,20.06,206.01992,2020-12-29T22:32:28.483Z,,2021-06-29T22:28:27.611Z
dai,dai,Dai,https://assets.coingecko.com/coins/images/9956/large/dai-multi-collateral-mcd.png?1574218774,1.0,4978394792,24,4978394792.0,1581886209,1.01,1.0,-3.32472e-07,-3e-05,21423434.0,0.43219,4960724140.0483,4960724140.0483,4960724140.0483,1.22,-17.66863,2020-03-13T03:02:50.373Z,0.903243,11.10654,2019-11-25T00:04:18.137Z,,2021-06-29T22:05:30.744Z
tron,trx,TRON,https://assets.coingecko.com/coins/images/1094/large/tron-logo.png?1547035066,0.067959,4899542204,25,,1530102024,0.069801,0.065064,0.00230943,3.51781,205690074.0,4.38212,71660220128.0,100850743812.0,,0.231673,-70.48702,2018-01-05T00:00:00.000Z,0.00180434,3689.38959,2017-11-12T00:00:00.000Z,"{'times': 34.76788488119789, 'currency': 'usd', 'percentage': 3476.7884881197883}",2021-06-29T22:28:49.985Z
shiba-inu,shib,Shiba Inu,https://assets.coingecko.com/coins/images/11939/large/shiba.png?1622619446,9.1e-06,4547307593,26,,1033278220,9.56e-06,8e-06,9.86493e-07,12.16195,518658394.0,12.87425,497730966630395.75,1000000000000000.0,,3.791e-05,-75.90194,2021-05-10T22:53:42.945Z,5.6e-11,16208266.47444,2020-11-28T11:26:25.838Z,,2021-06-29T22:28:05.922Z
eos,eos,EOS,https://assets.coingecko.com/coins/images/738/large/eos-eos-logo.png?1547034481,4.14,3998611507,27,,1930319984,4.27,3.84,0.26932,6.96351,297986743.0,8.05234,959787151.3676,,,22.71,-81.65607,2018-04-29T07:50:33.540Z,0.5024,729.24764,2017-10-23T00:00:00.000Z,"{'times': 3.178697463223296, 'currency': 'usd', 'percentage': 317.8697463223296}",2021-06-29T22:28:41.686Z
monero,xmr,Monero,https://assets.coingecko.com/coins/images/69/large/monero_logo.png?1547033729,218.41,3948000139,28,,220130068,226.55,212.13,4.96,2.32572,128704813.0,3.36986,17942348.6164404,,,542.33,-59.42693,2018-01-09T00:00:00.000Z,0.216177,101686.24208,2015-01-14T00:00:00.000Z,,2021-06-29T22:28:19.156Z
cosmos,atom,Cosmos,https://assets.coingecko.com/coins/images/1481/large/cosmos_hub.png?1555657960,11.7,3239692887,29,,554400451,12.61,10.68,0.935715,8.69299,306985197.0,10.46764,275144619.421262,,,31.7,-62.8579,2021-05-07T16:18:33.469Z,1.16,915.01442,2020-03-13T02:27:44.591Z,"{'times': 115.997329176215, 'currency': 'usd', 'percentage': 11599.7329176215}",2021-06-29T22:28:50.508Z
aave,aave,Aave,https://assets.coingecko.com/coins/images/12645/large/AAVE.png?1601374110,240.65,3110206605,30,3879221524.0,348934002,252.03,224.61,13.04,5.73092,201446002.0,6.92549,12828168.066131644,16000000.0,16000000.0,661.69,-63.35862,2021-05-18T21:19:59.514Z,26.02,831.67974,2020-11-05T09:20:11.928Z,,2021-06-29T22:28:17.312Z
crypto-com-chain,cro,Crypto.com Coin,https://assets.coingecko.com/coins/images/7310/large/cypto.png?1547043960,0.11598,2943952875,31,,58068299,0.119178,0.108401,0.00681017,6.23815,196836799.0,7.16522,25263013692.0,30263013692.0,,0.27702,-57.93368,2021-02-22T11:33:57.751Z,0.0121196,861.51817,2019-02-08T00:00:00.000Z,,2021-06-29T22:28:38.432Z
okb,okb,OKB,https://assets.coingecko.com/coins/images/4463/large/okb_token.png?1548386209,10.85,2903195144,32,,426116521,11.3,10.35,0.488696,4.71469,131495839.0,4.74423,267436117.72,300000000.0,,44.01,-75.33102,2021-05-03T01:03:16.108Z,0.580608,1769.70529,2019-01-14T00:00:00.000Z,,2021-06-29T22:26:49.497Z
bitcoin-cash-sv,bsv,Bitcoin SV,https://assets.coingecko.com/coins/images/6799/large/BSV.png?1558947902,152.83,2868039137,33,,850514461,166.19,151.94,-3.912571514805,-2.4962,-61797865.44052553,-2.10926,18773764.144239,21000000.0,,489.75,-68.80675,2021-04-16T17:09:04.630Z,42.02,263.58641,2018-11-23T00:00:00.000Z,,2021-06-29T22:28:33.040Z
amp-token,amp,Amp,https://assets.coingecko.com/coins/images/12409/large/amp-200x200.png?1599625397,0.058926,2843219524,34,,44365499,0.061589,0.057126,5.776e-05,0.09812,4572081.0,0.16107,48013928909.1577,99224104985.1577,,0.120813,-50.98478,2021-06-16T16:03:41.147Z,0.00250501,2263.9232,2020-11-04T13:18:12.191Z,,2021-06-29T22:28:07.015Z
algorand,algo,Algorand,https://assets.coingecko.com/coins/images/4380/large/download.png?1547039725,0.890726,2771382714,35,8950363958.0,229470509,0.924726,0.835929,0.04670234,5.5333,143457663.0,5.45897,3096391081.52022,10000000000.0,10000000000.0,3.56,-74.86668,2019-06-20T14:51:19.480Z,0.105336,749.70055,2020-03-13T02:20:48.438Z,"{'times': -0.6288641122619724, 'currency': 'usd', 'percentage': -62.88641122619724}",2021-06-29T22:28:44.648Z
pancakeswap-token,cake,PancakeSwap,https://assets.coingecko.com/coins/images/12632/large/IMG_0440.PNG?1602654093,13.99,2644787273,36,,140196229,14.39,13.26,0.557488,4.14887,129411122.0,5.1448,188258618.608763,,,43.96,-68.04545,2021-04-30T10:08:22.934Z,0.194441,7125.18673,2020-11-03T14:29:34.165Z,,2021-06-29T22:27:40.291Z
klay-token,klay,Klaytn,https://assets.coingecko.com/coins/images/9672/large/CjbT82vP_400x400.jpg?1570548320,1.05,2614333184,37,,67554330,1.08,1.0,0.01977149,1.91351,56930869.0,2.22612,2481324097.6,,,4.34,-75.7405,2021-03-30T03:44:28.828Z,0.06044,1641.57171,2020-04-29T08:19:34.574Z,,2021-06-29T22:27:05.243Z
celsius-degree-token,cel,Celsius Network,https://assets.coingecko.com/coins/images/3263/large/CEL_logo.png?1609598753,6.15,2613672736,38,,11465237,6.29,5.98,0.096023,1.58612,55533233.0,2.17084,423415980.3475,695658160.9671,,8.05,-23.29037,2021-06-04T00:04:12.584Z,0.02620268,23457.99135,2018-12-07T00:00:00.000Z,"{'times': 19.499831334263412, 'currency': 'usd', 'percentage': 1949.9831334263413}",2021-06-29T22:28:49.304Z
compound-ether,ceth,cETH,https://assets.coingecko.com/coins/images/10643/large/ceth2.JPG?1581389598,44.15,2542264205,39,,1307691,44.8,41.7,2.15,5.11385,125416549.0,5.18926,57577770.4691948,57577770.4691948,,87.15,-49.33372,2021-05-12T14:49:23.076Z,1.89,2240.76492,2020-03-13T02:22:33.711Z,,2021-06-29T22:20:11.280Z
terra-luna,luna,Terra,https://assets.coingecko.com/coins/images/8284/large/luna1557227471663.png?1567147072,5.98,2521541792,40,,147609361,6.29,5.42,0.330702,5.85668,184209268.0,7.88118,417799481.719933,995404237.437498,,22.36,-73.00495,2021-03-21T11:59:15.174Z,0.121798,4855.15829,2020-03-18T17:03:01.083Z,,2021-06-29T22:27:46.725Z
neo,neo,NEO,https://assets.coingecko.com/coins/images/480/large/NEO_512_512.png?1594357361,35.13,2510358032,41,,608760875,36.79,32.79,2.24,6.81966,201353034.0,8.72034,70530000.0,100000000.0,,198.38,-82.05841,2018-01-15T00:00:00.000Z,0.078349,45328.26044,2016-10-21T00:00:00.000Z,"{'times': 974.77108056287, 'currency': 'usd', 'percentage': 97477.108056287}",2021-06-29T22:28:39.981Z
tezos,xtz,Tezos,https://assets.coingecko.com/coins/images/976/large/Tezos-logo.png?1547034862,2.93,2468740702,42,,105431485,2.98,2.67,0.230634,8.55483,213694456.0,9.47628,836531138.074649,,,8.27,-64.30982,2021-05-07T02:09:26.683Z,0.350476,741.78126,2018-12-07T00:00:00.000Z,"{'times': 5.226787430751223, 'currency': 'usd', 'percentage': 522.6787430751224}",2021-06-29T22:28:17.982Z
ftx-token,ftt,FTX Token,https://assets.coingecko.com/coins/images/9026/large/F.png?1609051564,27.04,2360046444,43,9179323277.0,44216802,27.71,25.37,1.41,5.50509,133148201.0,5.97909,86823042.83135124,337695378.898579,337695378.898579,63.12,-56.93529,2021-05-12T03:59:29.290Z,1.15,2264.16667,2019-09-06T00:00:00.000Z,,2021-06-29T22:27:52.129Z
iota,miota,IOTA,https://assets.coingecko.com/coins/images/692/large/IOTA_Swirl.png?1604238557,0.834927,2349293891,44,,48719179,0.88366,0.806276,0.02196261,2.70155,101554852.0,4.51809,2779530283.277761,2779530283.0,,5.25,-83.89697,2017-12-19T00:00:00.000Z,0.081637,935.32552,2020-03-13T02:22:41.168Z,"{'times': 16.26745265152256, 'currency': 'btc', 'percentage': 1626.745265152256}",2021-06-29T22:28:40.122Z
theta-fuel,tfuel,Theta Fuel,https://assets.coingecko.com/coins/images/8029/large/1_0YusgngOrriVg4ZYx4wOFQ.png?1553483622,0.436023,2337420372,45,,192857929,0.452747,0.421557,0.00525173,1.21915,29089770.0,1.26021,5301219200.0,5301200000.0,,0.68159,-35.30992,2021-06-09T06:50:55.818Z,0.00090804,48457.50778,2020-03-13T02:30:37.972Z,,2021-06-29T22:28:27.630Z
leo-token,leo,LEO Token,https://assets.coingecko.com/coins/images/8418/large/leo-token.png?1558326215,2.35,2239746669,46,,1106430,2.51,2.32,-0.039281074428,-1.64158,-33942701.62906742,-1.49285,950291018.9,985239504.0,,3.95,-40.25779,2021-05-14T13:54:31.192Z,0.799859,194.66513,2019-12-24T15:14:35.376Z,,2021-06-29T22:27:13.655Z
maker,mkr,Maker,https://assets.coingecko.com/coins/images/1364/large/Mark_Maker.png?1585191826,2438.48,2218718469,47,2475385735.0,125931443,2481.17,2211.33,201.3,8.99796,209093041.0,10.40458,901310.9472893132,991350.760249083,1005577.0,6292.31,-60.8899,2021-05-03T21:54:29.333Z,168.36,1361.72833,2020-03-16T20:52:36.527Z,,2021-06-29T22:28:14.057Z
compound-usd-coin,cusdc,cUSDC,https://assets.coingecko.com/coins/images/9442/large/Compound_USDC.png?1567581577,0.02206174,2207923026,48,,1324969222,0.02229566,0.02193883,-6.906875e-05,-0.31209,-1366238417.5621452,-38.22543,100079264625.638,100079264625.638,,0.058843,-62.50771,2020-10-21T11:24:27.820Z,0.00620705,255.43016,2021-03-04T08:11:37.438Z,,2021-06-29T22:21:03.974Z
safemoon,safemoon,SafeMoon,https://assets.coingecko.com/coins/images/14362/large/174x174-white.png?1617174846,3.64e-06,2116819536,49,,14404782,3.7e-06,3.3e-06,3.32924e-07,10.06131,196095270.0,10.20944,580700712660743.1,1000000000000000.0,,1.094e-05,-66.68987,2021-05-11T20:32:53.513Z,4.436e-08,8117.5841,2021-03-14T19:51:56.741Z,,2021-06-29T22:26:39.229Z
avalanche-2,AVAX,Avalanche,https://assets.coingecko.com/coins/images/12559/large/coin-round-red.png?1604021818,11.95,2070517253,50,8646260854.0,70770590,12.27,11.15,0.676906,6.00242,134402082.0,6.94184,172418164.000451,377752194.4695483,720000000.0,59.4,-79.78482,2021-02-10T22:23:34.616Z,2.8,328.71266,2020-12-31T13:15:21.540Z,,2021-06-29T22:27:44.337Z
kusama,ksm,Kusama,https://assets.coingecko.com/coins/images/9568/large/m4zRhP5e_400x400.jpg?1576190080,212.55,1946473831,51,2167541841.0,397797551,235.76,209.29,-10.645755431627,-4.76968,-46352540.53123498,-2.32597,8980098.074112339,10000000.0,10000000.0,621.71,-65.13553,2021-05-18T05:04:41.858Z,0.876572,24627.47283,2020-01-14T19:20:20.768Z,,2021-06-29T22:27:57.105Z
terrausd,ust,TerraUSD,https://assets.coingecko.com/coins/images/12681/large/UST.png?1601612407,0.999219,1906638298,52,,63783544,1.01,0.994555,-0.001267515475,-0.12669,799991.0,0.04198,1906853661.68399,1906851681.63463,,1.09,-8.42744,2021-01-11T22:30:57.984Z,0.857992,16.53804,2021-05-19T13:14:26.898Z,,2021-06-29T22:23:30.591Z
huobi-token,ht,Huobi Token,https://assets.coingecko.com/coins/images/2822/large/huobi-token-logo.png?1547036992,11.03,1878126527,53,5501101322.0,620914700,11.35,10.34,0.597144,5.72375,99630127.0,5.60193,170704593.25441208,500000000.0,500000000.0,39.66,-72.25923,2021-05-12T14:42:21.586Z,0.90862,1110.86974,2019-01-30T00:00:00.000Z,"{'times': 10.14129014154703, 'currency': 'usd', 'percentage': 1014.129014154703}",2021-06-29T22:26:54.361Z
bittorrent-2,btt,BitTorrent,https://assets.coingecko.com/coins/images/7595/large/BTT_Token_Graphic.png?1555066995,0.00279609,1860280672,54,,402574239,0.0028978,0.00257591,0.00019055,7.31319,146006055.0,8.51708,659071882049.0,990000000000.0,,0.01356626,-79.19415,2021-04-05T04:09:06.433Z,0.00013814,1943.22962,2020-03-13T02:22:57.629Z,"{'times': 22.30072132061816, 'currency': 'usd', 'percentage': 2230.072132061816}",2021-06-29T22:28:36.961Z
decred,dcr,Decred,https://assets.coingecko.com/coins/images/329/large/decred.png?1547034093,143.82,1853647067,55,,14160294,144.04,129.86,12.35,9.39169,137485624.0,8.01123,13070422.6061882,21000000.0,,247.35,-42.66447,2021-04-17T00:41:14.790Z,0.43154,32763.73065,2016-12-26T00:00:00.000Z,,2021-06-29T22:26:51.729Z
thorchain,rune,THORChain,https://assets.coingecko.com/coins/images/6595/large/RUNE.png?1614160507,6.67,1833233245,56,3375820007.0,110342898,7.14,6.23,0.317935,5.00634,113742811.0,6.61491,271524139.53627056,500000000.0,500000000.0,20.87,-67.65063,2021-05-19T00:30:09.436Z,0.00851264,79200.05678,2019-09-28T00:00:00.000Z,"{'times': 174.48910304848903, 'currency': 'usd', 'percentage': 17448.9103048489}",2021-06-29T22:27:36.589Z
cdai,cdai,cDAI,https://assets.coingecko.com/coins/images/9281/large/cDAI.png?1576467585,0.02150431,1780428075,57,,1046011162,0.02173916,0.02139299,-7.3419398e-05,-0.34026,-1009758753.1227026,-36.18965,82794014752.6417,82794014752.6417,,0.03159087,-31.92871,2020-10-12T21:29:00.007Z,0.00728854,195.0426,2020-03-18T04:29:40.819Z,,2021-06-29T22:20:12.180Z
compound-governance-token,comp,Compound,https://assets.coingecko.com/coins/images/10775/large/COMP.png?1592625425,317.06,1703319209,58,3183118155.0,211404633,328.84,302.71,11.39,3.72735,73408773.0,4.50385,5351102.679776995,10000000.0,10000000.0,910.54,-65.04153,2021-05-12T02:29:08.794Z,61.32,419.08317,2020-06-18T12:54:32.788Z,,2021-06-29T22:27:14.460Z
the-graph,grt,The Graph,https://assets.coingecko.com/coins/images/13397/large/Graph_Token.png?1608145566,0.581087,1695142782,59,5849548914.0,118984356,0.623236,0.567169,0.00777057,1.35537,40846947.0,2.46914,2897903422.0,10000000000.0,10000000000.0,2.84,-79.41382,2021-02-12T07:28:45.775Z,0.103254,466.52095,2020-12-17T21:28:41.332Z,,2021-06-29T22:28:10.955Z
hedera-hashgraph,hbar,Hedera Hashgraph,https://assets.coingecko.com/coins/images/3688/large/mqTDGK7Q.png?1566256777,0.189102,1674531005,60,,65350380,0.196418,0.181402,0.00484615,2.63012,56782321.0,3.50996,8805028441.0,50000000000.0,,0.448365,-57.58391,2021-03-15T01:53:34.974Z,0.00986111,1828.57533,2020-01-02T17:30:24.852Z,,2021-06-29T22:28:33.637Z
elrond-erd-2,egld,Elrond,https://assets.coingecko.com/coins/images/12335/large/Elrond.png?1599132180,86.72,1565370776,61,,77511452,88.64,73.2,13.52,18.47456,265183103.0,20.39576,17957207.0,20397843.0,,243.92,-64.2622,2021-04-12T02:24:35.343Z,6.51,1239.73965,2020-10-07T01:44:53.554Z,,2021-06-29T22:28:37.905Z
waves,waves,Waves,https://assets.coingecko.com/coins/images/425/large/waves.png?1548386117,15.48,1559636380,62,,153328494,15.79,13.97,1.34,9.4502,142799159.0,10.07873,100000000.0,100000000.0,,43.01,-63.74104,2021-05-04T06:49:41.528Z,0.130878,11816.71924,2016-08-02T00:00:00.000Z,"{'times': 81.33642884758633, 'currency': 'usd', 'percentage': 8133.642884758633}",2021-06-29T22:28:42.572Z
sushi,sushi,Sushi,https://assets.coingecko.com/coins/images/12271/large/512x512_Logo_no_chop.png?1606986688,8.03,1536433707,63,2020782435.0,246378815,8.42,7.54,0.394085,5.16311,93597541.0,6.48705,190079060.52180985,226142505.361046,250000000.0,23.38,-65.42187,2021-03-13T23:44:36.774Z,0.475381,1600.34929,2020-11-04T14:53:53.560Z,,2021-06-29T22:28:12.253Z
true-usd,tusd,TrueUSD,https://assets.coingecko.com/coins/images/3449/large/tusd.png?1618395665,0.997954,1497258342,64,,68002592,1.01,0.994856,-0.001791526551,-0.1792,100655171.0,7.20714,1497784484.16,1497784484.16,,1.62,-38.23658,2018-08-26T20:41:09.375Z,0.88355,13.14005,2020-03-12T10:47:51.380Z,,2021-06-29T22:28:32.196Z
huobi-btc,hbtc,Huobi BTC,https://assets.coingecko.com/coins/images/12407/large/Unknown-5.png?1599624896,37167.0,1483206530,65,1483206530.0,33217736,37485.0,34364.0,2674.11,7.7526,105947579.0,7.69264,39906.36705999,39906.36705999,39906.36705999,69325.0,-46.38712,2021-05-10T02:33:06.038Z,11209.02,231.5826,2020-10-12T03:56:16.768Z,,2021-06-29T22:22:14.238Z
dash,dash,Dash,https://assets.coingecko.com/coins/images/19/large/dash-logo.png?1548385930,140.93,1446030350,66,,603572753,147.4,130.44,9.56,7.27458,111539143.0,8.35818,10208359.7095749,18920000.0,,1493.59,-90.51604,2017-12-20T00:00:00.000Z,0.213899,66123.58529,2014-02-14T00:00:00.000Z,,2021-06-29T22:28:35.145Z
telcoin,tel,Telcoin,https://assets.coingecko.com/coins/images/1899/large/tel.png?1547036203,0.02586905,1425871481,67,,18036266,0.02639683,0.0233325,0.00216605,9.13828,131037770.0,10.12005,54969406904.06,100000000000.0,,0.064483,-59.77316,2021-05-11T00:32:24.043Z,6.474e-05,39969.29325,2020-03-13T02:24:47.992Z,"{'times': 24.86905256411227, 'currency': 'usd', 'percentage': 2486.905256411227}",2021-06-29T22:26:37.454Z
zcash,zec,Zcash,https://assets.coingecko.com/coins/images/486/large/circle-zcash-color.png?1547034197,124.91,1412131672,68,2635711330.0,986545064,129.84,112.59,10.94,9.60167,130778349.0,10.20627,11251143.0118924,21000000.0,21000000.0,3191.93,-96.06783,2016-10-29T00:00:00.000Z,19.75,535.38738,2020-03-13T02:20:55.002Z,,2021-06-29T22:28:02.156Z
chiliz,chz,Chiliz,https://assets.coingecko.com/coins/images/8834/large/Chiliz.png?1561970540,0.253641,1369350626,69,,240674091,0.262018,0.242271,0.00997813,4.09506,72542738.0,5.59395,5344064580.0,8888888888.0,,0.878633,-70.83679,2021-03-13T08:04:21.200Z,0.00410887,6136.20073,2019-09-28T00:00:00.000Z,"{'times': 10.52911762866356, 'currency': 'usd', 'percentage': 1052.911762866356}",2021-06-29T22:28:29.165Z
staked-ether,steth,Lido Staked Ether,https://assets.coingecko.com/coins/images/13442/large/steth_logo.png?1608607546,2207.94,1225018887,70,1225018887.0,366080,2235.89,2079.82,98.92,4.69017,84612315.0,7.41949,554823.976989767,554823.976989767,554823.976989767,4309.29,-48.76322,2021-05-12T09:57:17.253Z,482.9,357.22915,2020-12-22T04:08:21.854Z,,2021-06-29T22:22:01.268Z
yearn-finance,yfi,yearn.finance,https://assets.coingecko.com/coins/images/11849/large/yfi-192x192.png?1598325330,33699.0,1211746410,71,1246676284.0,220463226,34558.0,31264.0,2111.85,6.6858,88453515.0,7.87448,35638.67737305045,36666.0,36666.0,90787.0,-62.54869,2021-05-12T00:29:37.713Z,31.65,107344.23728,2020-07-18T12:26:27.150Z,,2021-06-29T22:28:16.947Z
nem,xem,NEM,https://assets.coingecko.com/coins/images/242/large/NEM_Logo_256x256.png?1598687029,0.128912,1165078461,72,,119013275,0.134896,0.116496,0.01183576,10.10942,110633880.0,10.49215,8999999999.0,8999999999.0,,1.87,-93.07196,2018-01-07T00:00:00.000Z,8.482e-05,152526.97185,2015-09-05T00:00:00.000Z,,2021-06-29T22:28:22.235Z
havven,snx,Synthetix Network Token,https://assets.coingecko.com/coins/images/3406/large/SNX.png?1598631139,7.21,1149885302,73,1664487021.0,61249551,7.45,6.98,0.171621,2.43775,42157803.0,3.80579,158242100.96353596,229059300.715179,229059300.715179,28.53,-74.53194,2021-02-14T01:12:38.505Z,0.0347864,20789.25876,2019-01-06T00:00:00.000Z,"{'times': 13.42349317275126, 'currency': 'usd', 'percentage': 1342.349317275126}",2021-06-29T22:28:13.811Z
helium,hnt,Helium,https://assets.coingecko.com/coins/images/4284/large/Helium_HNT.png?1612620071,12.76,1143711616,74,2892564956.0,13691532,13.35,12.14,0.543808,4.45126,68902485.0,6.41067,88173539.5232796,223000000.0,223000000.0,22.31,-41.85659,2021-05-28T17:33:24.441Z,0.113248,11353.78528,2020-04-18T00:19:10.902Z,,2021-06-29T22:27:40.752Z
holotoken,hot,Holo,https://assets.coingecko.com/coins/images/3348/large/Holologo_Profile.png?1547037966,0.0062701,1120246441,75,,101365882,0.00659745,0.00597022,0.00024599,4.08338,53489120.0,5.01418,177619433541.141,177619433541.141,,0.03126682,-79.82845,2021-04-05T16:04:52.608Z,0.0002202,2764.23053,2020-03-13T02:23:01.612Z,"{'times': 11.61499374386764, 'currency': 'eth', 'percentage': 1161.499374386764}",2021-06-29T22:27:04.922Z
zilliqa,zil,Zilliqa,https://assets.coingecko.com/coins/images/2687/large/Zilliqa-logo.png?1547036894,0.085768,1053800941,76,,185207130,0.088254,0.079154,0.00594018,7.44123,82296156.0,8.471,12183348988.0793,21000000000.0,,0.255376,-66.13025,2021-05-06T17:33:45.940Z,0.00239616,3509.7416,2020-03-13T02:22:55.161Z,"{'times': 3.6212961015295466, 'currency': 'eth', 'percentage': 362.1296101529547}",2021-06-29T22:28:40.491Z
enjincoin,enj,Enjin Coin,https://assets.coingecko.com/coins/images/1102/large/enjin-coin-logo.png?1547035078,1.11,1042245793,77,1115499387.0,125692051,1.13,1.02,0.078515,7.64129,89026732.0,9.33959,934331121.3990188,1000000000.0,1000000000.0,3.94,-71.71254,2021-04-09T12:29:27.777Z,0.01865964,5877.15597,2017-11-12T00:00:00.000Z,,2021-06-29T22:28:33.854Z
quant-network,qnt,Quant,https://assets.coingecko.com/coins/images/3370/large/5ZOu7brX_400x400.jpg?1612437252,76.07,974433157,78,1105962365.0,21726008,77.8,74.31,-1.263869148658,-1.6342,-26983026.483001947,-2.69449,12874667.469289193,14612493.0,14612493.0,98.55,-23.19962,2021-06-25T15:54:41.569Z,0.215773,34976.6619,2018-08-23T00:00:00.000Z,"{'times': 13.92900935277883, 'currency': 'eth', 'percentage': 1392.900935277883}",2021-06-29T22:28:09.378Z
xdce-crowd-sale,xdc,XDC Network,https://assets.coingecko.com/coins/images/2912/large/xdc-logo.png?1589242157,0.079063,969371460,79,,12241519,0.079492,0.07087,0.00771965,10.82038,101114121.0,11.64564,12238141964.0,37599520715.0,,0.144432,-45.15821,2021-04-15T14:54:04.324Z,0.00039532,19936.78299,2019-07-22T00:00:00.000Z,"{'times': 3.7981962049529825, 'currency': 'eth', 'percentage': 379.8196204952983}",2021-06-29T22:28:49.900Z
basic-attention-token,bat,Basic Attention Token,https://assets.coingecko.com/coins/images/677/large/basic-attention-token.png?1547034427,0.585439,886924781,80,,90289243,0.617095,0.554887,0.02573023,4.59707,50880490.0,6.08586,1497678375.9673505,1500000000.0,,1.63,-63.69913,2021-04-09T19:03:22.356Z,0.072394,718.02546,2017-07-16T00:00:00.000Z,"{'times': 0.709947337398681, 'currency': 'eth', 'percentage': 70.9947337398681}",2021-06-29T22:28:34.450Z
bitcoin-gold,btg,Bitcoin Gold,https://assets.coingecko.com/coins/images/1043/large/bitcoin-gold-logo.png?1547034978,49.06,868174616,81,,164104674,52.12,42.52,5.63,12.96146,108315626.0,14.2547,17513924.0,21000000.0,,456.25,-89.13514,2017-12-20T00:00:00.000Z,4.25,1065.14629,2020-03-13T02:22:52.902Z,,2021-06-29T22:28:21.128Z
near,near,Near,https://assets.coingecko.com/coins/images/10365/large/near_icon.png?1601359077,2.07,861438601,82,2094020157.0,47271021,2.18,1.94,0.089495,4.52185,51634479.0,6.37617,411380280.926312,1000000000.0,1000000000.0,7.56,-72.39446,2021-03-13T17:49:31.011Z,0.526762,296.06164,2020-11-04T16:09:15.137Z,,2021-06-29T22:28:24.536Z
nexo,nexo,NEXO,https://assets.coingecko.com/coins/images/3695/large/nexo.png?1548086057,1.48,832792717,83,1487129825.0,7482586,1.51,1.34,0.089564,6.44225,54843374.0,7.04974,560000010.0064,1000000000.0,1000000000.0,4.07,-63.44295,2021-05-12T14:37:47.535Z,0.04515276,3193.55231,2018-09-13T00:00:00.000Z,"{'times': 13.79828247781837, 'currency': 'usd', 'percentage': 1379.828247781837}",2021-06-29T22:26:47.102Z
mdex,mdx,Mdex,https://assets.coingecko.com/coins/images/13775/large/mdex.png?1611739676,1.64,829563866,84,,39349671,1.72,1.57,0.053906,3.40136,30595440.0,3.82937,507868584.26833,452988758.45796,,10.11,-83.85069,2021-02-22T07:08:38.957Z,1.44,13.56364,2021-06-22T14:11:14.744Z,,2021-06-29T22:26:45.335Z
paxos-standard,pax,Paxos Standard,https://assets.coingecko.com/coins/images/6013/large/paxos_standard.png?1548386291,0.999265,791840323,85,,44224635,1.01,0.995717,-0.003153711983,-0.31461,-24689265.883973837,-3.02368,791279431.55,791279431.55,,1.13,-11.25909,2018-10-15T07:09:12.459Z,0.863529,15.88596,2021-05-19T13:14:42.046Z,"{'times': -0.0007350212988007, 'currency': 'usd', 'percentage': -0.07350212988007}",2021-06-29T22:28:12.729Z
zencash,zen,Horizen,https://assets.coingecko.com/coins/images/691/large/horizen.png?1555052241,68.82,785551745,86,,55661141,70.07,61.33,6.8,10.97327,85507200.0,12.21454,11245325.0,21000000.0,,165.92,-57.89776,2021-05-08T06:00:30.087Z,3.26,2039.82957,2019-10-17T00:00:00.000Z,,2021-06-29T22:28:00.928Z
blockstack,stx,Stacks,https://assets.coingecko.com/coins/images/2069/large/Stacks_logo_full.png?1604112510,0.747607,780975675,87,,16311965,0.766124,0.70213,0.04423137,6.28844,31925769.0,4.26217,1052561461.68777,1818000000.0,,2.92,-74.57941,2021-04-05T13:34:27.931Z,0.04559639,1527.26978,2020-03-13T02:29:26.415Z,"{'times': 5.2300601075745865, 'currency': 'usd', 'percentage': 523.0060107574586}",2021-06-29T22:28:38.885Z
qtum,qtum,Qtum,https://assets.coingecko.com/coins/images/684/large/qtum.png?1547034438,7.23,755618852,88,,338747913,7.4,6.29,0.884288,13.93751,98240583.0,14.9443,103523782.0,107822406.0,,100.22,-92.71715,2018-01-06T00:00:00.000Z,0.783142,832.03588,2020-03-13T02:22:57.149Z,"{'times': 23.096500951987963, 'currency': 'usd', 'percentage': 2309.6500951987964}",2021-06-29T22:28:35.138Z
liquity-usd,lusd,Liquity USD,https://assets.coingecko.com/coins/images/14666/large/Group_3.png?1617631327,1.01,746624342,89,,6682551,1.03,1.01,0.00492286,0.48847,6203133.0,0.83778,737232935.332237,737232935.332237,,1.16,-12.56868,2021-04-05T14:47:52.665Z,0.925652,9.4082,2021-05-21T14:38:31.217Z,,2021-06-29T22:12:43.023Z
bancor,bnt,Bancor Network Token,https://assets.coingecko.com/coins/images/736/large/bancor.png?1547034477,3.32,742295603,90,742295603.0,107979908,3.39,3.12,0.167903,5.32357,41595508.0,5.93628,222306367.620835,222306367.620835,222306367.620835,10.72,-68.83872,2018-01-09T00:00:00.000Z,0.120935,2661.03724,2020-03-13T02:29:21.245Z,,2021-06-29T22:28:29.293Z
decentraland,mana,Decentraland,https://assets.coingecko.com/coins/images/878/large/decentraland-mana.png?1550108745,0.549824,736920252,91,1218176128.0,39373902,0.565024,0.503858,0.04017431,7.88273,55974235.0,8.22007,1327372145.9864838,2194230727.32015,2194230727.32015,1.6,-65.22867,2021-05-07T15:54:15.763Z,0.00923681,5910.43463,2017-10-31T00:00:00.000Z,"{'times': 26.49120703771113, 'currency': 'usd', 'percentage': 2649.120703771113}",2021-06-29T22:28:39.284Z
nano,nano,Nano,https://assets.coingecko.com/coins/images/756/large/nano-coin-logo.png?1547034501,5.35,718750740,92,,40915470,5.48,4.83,0.445311,9.08108,60772138.0,9.23619,133248290.0,133248290.0,,33.69,-83.98566,2018-01-02T00:00:00.000Z,0.026179,20511.26592,2017-07-16T00:00:00.000Z,,2021-06-29T22:27:05.979Z
harmony,one,Harmony,https://assets.coingecko.com/coins/images/4344/large/Y88JAze.png?1565065793,0.067149,693323325,93,,28106200,0.070377,0.064651,0.0020318,3.12021,27942354.0,4.19945,10216428387.7931,,,0.222092,-69.44433,2021-03-29T08:19:36.363Z,0.00127355,5228.54191,2020-03-13T02:24:14.005Z,"{'times': 20.14943798920927, 'currency': 'usd', 'percentage': 2014.9437989209273}",2021-06-29T22:26:53.163Z
digibyte,dgb,DigiByte,https://assets.coingecko.com/coins/images/63/large/digibyte.png?1547033717,0.04763612,692414524,94,,24082957,0.04860581,0.043605,0.00358094,8.12832,57324329.0,9.02617,14445043588.2875,21000000000.0,,0.178084,-73.08379,2021-05-01T00:19:01.967Z,3.099e-05,154591.10207,2015-01-14T00:00:00.000Z,,2021-06-29T22:28:08.116Z
bitcoin-cash-abc-2,bcha,Bitcoin Cash ABC,https://assets.coingecko.com/coins/images/13120/large/Logo_final-21.png?1624892810,34.52,655186365,95,,80740052,35.69,30.03,3.86,12.59447,80862072.0,14.07951,18769720.8967894,21000000.0,,57.59,-39.38496,2021-05-10T00:50:43.461Z,9.21,279.01538,2020-11-15T18:28:32.658Z,,2021-06-29T22:28:34.482Z
curve-dao-token,crv,Curve DAO Token,https://assets.coingecko.com/coins/images/12124/large/Curve.png?1597369484,1.8,629455461,96,5986982347.0,159864254,1.86,1.6,0.172155,10.5941,66142538.0,11.7417,347271853.92436635,1535514786.92333,3303030299.0,54.01,-96.65421,2020-08-14T04:53:44.010Z,0.331577,444.95047,2020-11-05T13:09:50.181Z,,2021-06-29T22:28:07.923Z
siacoin,sc,Siacoin,https://assets.coingecko.com/coins/images/289/large/siacoin.png?1548386465,0.01294243,629144717,97,,77333732,0.01316567,0.0120425,0.00083563,6.90216,47113397.0,8.09465,48122235000.0,,,0.092868,-85.92204,2018-01-06T00:00:00.000Z,1.262e-05,103486.39988,2015-12-28T00:00:00.000Z,"{'times': 0.7079739380874542, 'currency': 'btc', 'percentage': 70.79739380874543}",2021-06-29T22:28:20.852Z
ontology,ont,Ontology,https://assets.coingecko.com/coins/images/3447/large/ONT.png?1583481820,0.711566,622556907,98,,191050289,0.72752,0.647387,0.06089,9.35789,58090828.0,10.29129,870088540.0,1000000000.0,,10.92,-93.44796,2018-05-03T01:43:05.844Z,0.23237,207.91831,2020-03-13T02:20:48.548Z,,2021-06-29T22:28:37.188Z
fantom,ftm,Fantom,https://assets.coingecko.com/coins/images/4001/large/Fantom.png?1558015016,0.237907,616033235,99,769692234.0,60158824,0.250217,0.224533,0.01007027,4.41994,41199481.0,7.1672,2541152731.01,3175000000.0,3175000000.0,0.948213,-74.43373,2021-05-10T00:15:01.969Z,0.00190227,12643.86828,2020-03-13T02:25:38.280Z,"{'times': 6.93024826698615, 'currency': 'usd', 'percentage': 693.024826698615}",2021-06-29T22:28:02.974Z
xsushi,xsushi,xSUSHI,https://assets.coingecko.com/coins/images/13725/large/xsushi.png?1612538526,9.5,615284305,100,,549213,9.71,8.85,0.499583,5.55335,35487152.0,6.12062,64796426.716339,64796426.716339,,26.33,-63.93605,2021-03-13T23:01:02.266Z,6.04,57.18411,2021-01-22T01:04:22.350Z,,2021-06-29T22:17:09.192Z
