,compound,c_r_e_a_m_-finance,definer,dydx,nexo,celsius
2018-11-26,17.454521045457568,18.300400476224922,3.913578496661586,10.63374723780521,12.0,8.8
2018-11-27,17.376885761213828,18.214151885561733,3.893973494429872,10.606367359848434,12.0,8.8
2018-11-28,17.247727443878375,18.078100171623305,3.840671623603091,10.637696389989173,12.0,8.8
2018-11-29,16.95902471499531,17.822205572045263,3.7992523915612892,10.522786930518691,12.0,8.8
2018-11-30,16.378359141775196,17.32583243707819,3.7426310381339705,10.235984366325216,12.0,8.8
2018-12-01,15.911634677022144,16.930640151087772,3.7006541334293153,9.99442130721358,12.0,8.8
2018-12-02,15.473288690354073,16.5481773320385,3.642121553777169,9.822307131308955,12.0,8.8
2018-12-03,14.67524039572392,15.857619397223589,3.552553596030139,9.457406382841864,12.0,8.8
2018-12-04,13.803819339462782,15.10463875079857,3.448386998442946,9.083978048306237,12.0,8.8
2018-12-05,12.911564374545199,14.33377918964527,3.3439620175410476,8.700039612711635,12.0,8.8
2018-12-06,12.202514865601595,13.718017106979419,3.261156051294973,8.39320777372505,12.0,8.8
2018-12-07,11.700290875737162,13.301324241085922,3.2429947646650987,8.06171126355392,12.0,8.8
2018-12-08,11.130270649298334,12.823840307274859,3.212881588260221,7.710548799657707,12.0,8.8
2018-12-09,10.61770684851196,12.400990674433924,3.199322572514778,7.351350169623369,12.0,8.8
2018-12-10,10.105125405032254,11.986241145267766,3.2021591336535056,6.944146184263088,12.0,8.8
2018-12-11,9.529260460472594,11.531675265042493,3.227219857543933,6.427063340295864,12.0,8.8
2018-12-12,8.94896868257563,11.082176315842958,3.2696098068742367,5.8560846870896865,12.0,8.8
2018-12-13,8.309632897806084,10.56781620976984,3.2749404468318795,5.3420719135504795,12.0,8.8
2018-12-14,7.769657385717518,10.093963449604814,3.2039092759284733,5.111150492290302,12.0,8.8
2018-12-15,7.441578578744758,9.790075460748053,3.1411120091511213,5.018087218880688,12.0,8.8
2018-12-16,7.135259058445659,9.51348277024262,3.0949031470154904,4.8999185522379936,12.0,8.8
2018-12-17,7.014417012976651,9.372835703631447,3.022029473901528,4.992870195402247,12.0,8.8
2018-12-18,7.18058494055934,9.442558206120598,2.9104371242378995,5.406519409222824,12.0,8.8
2018-12-19,7.291844410851484,9.45408667219036,2.7597958909538534,5.88937325197365,12.0,8.8
2018-12-20,7.296801115619393,9.390835456482494,2.6200235193622468,6.267279445514954,12.0,8.8
2018-12-21,7.228336912718305,9.279791821398646,2.4950703449507574,6.556300262750304,12.0,8.8
2018-12-22,6.975228730451216,9.04056315206168,2.395006845827745,6.645926341541618,12.0,8.8
2018-12-23,6.683277787578651,8.75139411152966,2.2463181371440686,6.84305568035893,12.0,8.8
2018-12-24,6.23827736808073,8.34269203352429,2.074884886251957,6.993876053306329,12.0,8.8
2018-12-25,5.486315985280304,7.735296503199582,1.9566651916123103,6.7759969842669205,12.0,8.8
2018-12-26,4.875141637161262,7.288797606237479,1.9132509334888863,6.460680832815764,12.0,8.8
2018-12-27,4.258359575340315,6.860566964806318,1.8855822671461258,6.098034226987319,12.0,8.8
2018-12-28,3.726801957477668,6.525462942845967,1.897614177602159,5.684663840276975,12.0,8.8
2018-12-29,3.2109665826591254,6.200465810671346,1.8798277002400872,5.3596254756223844,12.0,8.8
2018-12-30,2.3836952049905613,5.701510295906766,1.9778236611371856,4.48617730421308,12.0,8.8
2018-12-31,1.6707042593679293,5.301671485002869,2.10535183283136,3.6131871382056033,12.0,8.8
2019-01-01,1.125539353120806,5.012607377906055,2.221390485855165,2.8908140167601784,12.0,8.8
2019-01-02,0.539450429500578,4.653310909527014,2.2796844997423387,2.2928583405743796,12.0,8.8
2019-01-03,0.09581123129818739,4.38887950497318,2.3116190395998166,1.8717035366223627,12.0,8.8
2019-01-04,-0.4362608631870281,4.042853458683794,2.305405302224005,1.4913798451583327,12.0,8.8
2019-01-05,-0.82205919412989,3.8046018266993946,2.29137050989183,1.240579154694777,12.0,8.8
2019-01-06,-0.5274908118871053,4.033930658985355,2.1606002016326085,1.810866745015606,12.0,8.8
2019-01-07,-0.29312130900721706,4.212412694442711,2.0250893308709528,2.3511061959780073,12.0,8.8
2019-01-08,-0.08897242620613659,4.364575341507085,1.8770190209077668,2.906380543699616,12.0,8.8
2019-01-09,0.12685715550173882,4.54571667070104,1.7740589555368769,3.3498294617284694,12.0,8.8
2019-01-10,0.3215920379755549,4.715814550104402,1.7151967450451155,3.658957311434311,12.0,8.8
2019-01-11,0.5857749602754276,4.92028017268977,1.6657595644719874,3.992175780470234,12.0,8.8
2019-01-12,0.8288750228372562,5.0908663498877,1.6327345073506438,4.2645242191221735,12.0,8.8
2019-01-13,0.7431969202776665,5.006715568954697,1.6530155964908724,4.147611598003323,12.0,8.8
2019-01-14,0.7602142501479128,4.993174768729075,1.6937516249363884,4.04763997710508,12.0,8.8
2019-01-15,0.7993659405341792,4.991764077354276,1.748763473701676,3.9218635968278965,12.0,8.8
2019-01-16,0.8544050988975381,4.9829368030886645,1.7879723401786407,3.8468657261992285,12.0,8.8
2019-01-17,0.955083998350915,4.998404853252006,1.8123433802096582,3.8427727941734378,12.0,8.8
2019-01-18,1.0209195120837486,5.002888460909795,1.856617966087502,3.760160513668016,12.0,8.8
2019-01-19,1.0294494349587435,4.989056834170786,1.9322805376732586,3.5514514822563115,12.0,8.8
2019-01-20,1.0786476005004195,5.016796248257216,2.0024111252504446,3.3895295214536936,12.0,8.8
2019-01-21,1.1173430547385124,5.050920309425302,2.0717879865551003,3.2252511872546523,12.0,8.8
2019-01-22,1.2644810481159863,5.172804435213736,2.1413976921591478,3.142343899675211,12.0,8.8
2019-01-23,1.4415567461137146,5.327197856483492,2.2127661578599764,3.0794498246104274,12.0,8.8
2019-01-24,1.5922152223656505,5.466100997088582,2.2828739228687476,3.002367392645218,12.0,8.8
2019-01-25,1.833045418484208,5.67312791267854,2.3466225924319377,3.009148410327969,12.0,8.8
2019-01-26,2.143411778118304,5.9234223109941535,2.3860861780833926,3.1329894207727227,12.0,8.8
2019-01-27,2.547355481100908,6.24816414373223,2.428264915780212,3.318016090008947,12.0,8.8
2019-01-28,2.98810568430164,6.5900351529630665,2.4552784630620743,3.5710044560612295,12.0,8.8
2019-01-29,3.3872868766032167,6.898226082835874,2.4797310068191387,3.800075006863478,12.0,8.8
2019-01-30,3.833359066837212,7.237436400836446,2.499837399576129,4.074730398822908,12.0,8.8
2019-01-31,4.313172532508523,7.601559617603373,2.517377993004195,4.381050067143373,12.0,8.8
2019-02-01,4.814771796033044,7.978012006950694,2.5274856934923053,4.723095769678496,12.0,8.8
2019-02-02,5.350319733168378,8.37882424456345,2.5353144471953897,5.096113925686593,12.0,8.8
2019-02-03,5.793325516511394,8.705515437485165,2.54057663527485,5.407408105735336,12.0,8.8
2019-02-04,6.233900432225271,9.036347882977866,2.5539331720665683,5.694469348528904,12.0,8.8
2019-02-05,6.739561590089271,9.419723607821343,2.5597230875562054,6.051102164309474,12.0,8.8
2019-02-06,7.257118537881248,9.814884785265699,2.55942240240883,6.434273509394757,12.0,8.8
2019-02-07,7.793406431215983,10.224004164538599,2.5539664299980864,6.845527315081719,12.0,8.8
2019-02-08,8.28657992579289,10.603470889781338,2.5512521672419757,7.217927593762657,12.0,8.8
2019-02-09,8.780155413318377,10.981856478071174,2.5326901523189513,7.6350779797607755,12.0,8.8
2019-02-10,9.329124437049895,11.402859178099666,2.501347094652122,8.129371093303266,12.0,8.8
2019-02-11,9.749280832330799,11.723724533048312,2.457086941417113,8.564558703172938,12.0,8.8
2019-02-12,10.035891484108545,11.94465743621503,2.414930036169356,8.895596742955425,12.0,8.8
2019-02-13,10.22501695578228,12.096133026341063,2.3763376322201117,9.145219209112124,12.0,8.8
2019-02-14,10.323865759709097,12.184653915763777,2.338274872302236,9.32784692120874,12.0,8.8
2019-02-15,10.353621161464437,12.224225517762209,2.2978432805228772,9.466888229076355,12.0,8.8
2019-02-16,10.245196629109971,12.166752801073585,2.2827551608449994,9.433427443981795,12.0,8.8
2019-02-17,10.023478739863663,12.026780971368876,2.2810757876173318,9.278304142392082,12.0,8.8
2019-02-18,9.886728045439034,11.963748248710269,2.301093829588816,9.126633640732166,12.0,8.8
2019-02-19,9.68727349409679,11.86000081526387,2.3284438278810375,8.909160448534115,12.0,8.8
2019-02-20,9.450666048195624,11.730069019752241,2.3591934248685056,8.655611113908062,12.0,8.8
2019-02-21,9.199285380225158,11.592372353338435,2.392600883048366,8.384903645309546,12.0,8.8
2019-02-22,8.97361948137117,11.47758314876076,2.426937019441133,8.131722946387624,12.0,8.8
2019-02-23,8.799492917343466,11.400947762980154,2.443986983677746,7.965991572848874,12.0,8.8
2019-02-24,8.608461688162704,11.318229394074763,2.458235924189369,7.798461545503447,12.0,8.8
2019-02-25,8.303770218136492,11.134128043541693,2.462128665087895,7.574723954804085,12.0,8.8
2019-02-26,8.048382461525941,10.974382065088337,2.4633116329470277,7.392973342874094,12.0,8.8
2019-02-27,7.786706065092533,10.799368312784022,2.463724966689808,7.206255708437766,12.0,8.8
2019-02-28,7.507164239496579,10.597834248291877,2.468017019918132,6.992576606513028,12.0,8.8
2019-03-01,7.18733057183543,10.35464065881452,2.4761663884321194,6.735721966496466,12.0,8.8
2019-03-02,6.782329558137884,10.04243218115164,2.5074511622922193,6.350056962638307,12.0,8.8
2019-03-03,6.4203811404546025,9.74490943743991,2.542437934240216,5.981637816154375,12.0,8.8
2019-03-04,6.166549976457223,9.526479069270522,2.5700515586190744,5.71336520234807,12.0,8.8
2019-03-05,5.971810334849563,9.347437411647036,2.587283150364734,5.516658490583235,12.0,8.8
2019-03-06,5.82234601774212,9.203637294838074,2.5995693042981065,5.367823976822884,12.0,8.8
2019-03-07,5.713555127613696,9.095705048222092,2.6078221699571964,5.261377742908833,12.0,8.8
2019-03-08,5.614864058783415,8.99874188540626,2.6154275722589824,5.1652450459335695,12.0,8.8
2019-03-09,5.660831679544474,9.00587268009556,2.5975212660766425,5.24655397890066,12.0,8.8
2019-03-10,5.759525643916342,9.058731541197679,2.5679637553283783,5.400961775147981,12.0,8.8
2019-03-11,5.848628557304745,9.109997449400087,2.54169555713755,5.539731521104337,12.0,8.8
2019-03-12,5.89988007468157,9.144085904947701,2.527593960627119,5.619203795097714,12.0,8.8
2019-03-13,5.977185529042198,9.198824900053864,2.517582854841099,5.706922377859688,12.0,8.8
2019-03-14,6.042405496698799,9.24279086425769,2.513115812596896,5.770461288919056,12.0,8.8
2019-03-15,6.180852737397037,9.33926910543562,2.50366262236951,5.901554139571236,12.0,8.8
2019-03-16,6.2885124519284705,9.417034355741382,2.5006778643364953,5.992469881513476,12.0,8.8
2019-03-17,6.339505553006559,9.455607947599276,2.5073789464861704,6.014860436682852,12.0,8.8
2019-03-18,6.344150119158046,9.46140855991529,2.5217545695312458,5.981785081909185,12.0,8.8
2019-03-19,6.386876330139103,9.490136501217178,2.5231725324396654,6.011758502477067,12.0,8.8
2019-03-20,6.394716071308088,9.494886421903207,2.525609215609811,6.01373524548012,12.0,8.8
2019-03-21,6.417359795446487,9.510954514117275,2.51841140817995,6.053702782531234,12.0,8.8
2019-03-22,6.3503681419284375,9.462458230810398,2.517856834879597,6.009754310066406,12.0,8.8
2019-03-23,6.215286276558296,9.362555596140949,2.525432170119412,5.893281159832019,12.0,8.8
2019-03-24,6.126911850705775,9.294374761444042,2.529834071682996,5.819673349373294,12.0,8.8
2019-03-25,6.086827954179187,9.257733686254742,2.526183668911707,5.803357034430909,12.0,8.8
2019-03-26,5.998557863976122,9.190997563888411,2.5419356935091577,5.697902007173996,12.0,8.8
2019-03-27,5.939544162343298,9.142570504520247,2.552023126074898,5.628177688948183,12.0,8.8
2019-03-28,5.8630161787294,9.08509907015941,2.572604184130999,5.51607959493947,12.0,8.8
2019-03-29,5.861323366560994,9.084344950684201,2.586820975381341,5.476403905191627,12.0,8.8
2019-03-30,5.909322451558443,9.12189137390216,2.5926017444355693,5.496702950343304,12.0,8.8
2019-03-31,5.869777866591464,9.096184156746192,2.602384433590219,5.441707690060899,12.0,8.8
2019-04-01,5.77108443644678,9.02924649951575,2.616820679139392,5.330802770201623,12.0,8.8
2019-04-02,5.68968634002288,8.96712724535141,2.610466353554711,5.2903388236570175,12.0,8.8
2019-04-03,5.470442467878245,8.799693558670137,2.606384764160765,5.14714831400769,12.0,8.8
2019-04-04,5.218063201995245,8.592814902665541,2.586130640456925,5.028259663311246,12.0,8.8
2019-04-05,4.882659278824073,8.317064755710776,2.5693596080927534,4.8430846836424575,12.0,8.8
2019-04-06,4.480867745850219,7.982976876535539,2.552212658398393,4.614206928492438,12.0,8.8
2019-04-07,4.097667286283046,7.662445675014429,2.542811788205321,4.383258396441192,12.0,8.8
2019-04-08,3.7228766195910015,7.340941177662436,2.5220174023172484,4.194884001463151,12.0,8.8
2019-04-09,3.2549436285392437,6.948647135902888,2.5030350647098163,3.937696546108571,12.0,8.8
2019-04-10,2.8966320924279705,6.64347060299573,2.485334842274231,3.754970606201076,12.0,8.8
2019-04-11,2.60986655137255,6.410321311073192,2.4825729975489748,3.581993022970632,12.0,8.8
2019-04-12,2.3413491392763683,6.196441002278513,2.477102477246295,3.4256609254054604,12.0,8.8
2019-04-13,2.158737131329904,6.051526428699715,2.469896875198247,3.3329225961001288,12.0,8.8
2019-04-14,2.02391404816212,5.931239850498132,2.4323736790370725,3.351942748903428,12.0,8.8
2019-04-15,1.9358477504436646,5.846990863926545,2.398797008993845,3.388601600667698,12.0,8.8
2019-04-16,2.04390524557888,5.914271873164815,2.378481217550115,3.5274291520365586,12.0,8.8
2019-04-17,2.210530651863824,6.0193018436125545,2.3554161194519856,3.7155731382960897,12.0,8.8
2019-04-18,2.371368779639446,6.1059322697098946,2.3214907091992125,3.925946233392941,12.0,8.8
2019-04-19,2.608166880713481,6.250701965120186,2.286338856897897,4.1965671820426484,12.0,8.8
2019-04-20,2.8081258453677913,6.374192090322619,2.2603785068248663,4.415858305853509,12.0,8.8
2019-04-21,2.990032065675369,6.496599065425682,2.2554714854510434,4.566312685421004,12.0,8.8
2019-04-22,3.189890635662956,6.632421654874414,2.245710017484303,4.744309068356529,12.0,8.8
2019-04-23,3.235376905980258,6.64841562358542,2.2247227983063658,4.841096937035412,12.0,8.8
2019-04-24,3.2670857249254857,6.654661924191414,2.201439840508105,4.935618483350173,12.0,8.8
2019-04-25,3.3122966901903834,6.669491408993646,2.1738133727974116,5.053774077127108,12.0,8.8
2019-04-26,3.516762155232576,6.807944127596386,2.1647203028779285,5.2386740712432,12.0,8.8
2019-04-27,4.117026897257721,7.244607370827355,2.151663917376571,5.7274464761252215,12.0,8.8
2019-04-28,4.961600087608466,7.873837588808434,2.1571772975660344,6.3462177155403685,12.0,8.8
2019-04-29,5.989867435047976,8.669036777169449,2.215840281163549,6.957332771395954,12.0,8.8
2019-04-30,7.235608724051725,9.64369804267987,2.304237459597423,7.647077946611148,12.0,8.8
2019-05-01,8.499165871253094,10.652478080674582,2.42724799078182,8.253390546637531,12.0,8.8
2019-05-02,9.838724937458876,11.743957829417363,2.589984689472459,8.807440744636633,12.0,8.8
2019-05-03,10.916738593488244,12.638542635033284,2.7508197884251087,9.174043062777482,12.0,8.8
2019-05-04,11.398594471236104,13.084564300735954,2.93808909131615,9.028684942297136,12.0,8.8
2019-05-05,11.52087862176167,13.237433484448754,3.1041385157330006,8.676506922138937,12.0,8.8
2019-05-06,11.254088943979452,13.061692984328634,3.223064470789544,8.164939325619766,12.0,8.8
2019-05-07,10.76604677042118,12.707437491717931,3.3167506967554834,7.56088714599881,12.0,8.8
2019-05-08,10.26653600244221,12.328236579406491,3.385804566392985,7.01933766176085,12.0,8.8
2019-05-09,9.634016194274295,11.82572262254824,3.4238522751376235,6.688690627398152,12.0,8.8
2019-05-10,9.04279716349494,11.333589446129452,3.43231815788306,6.522755406447674,12.0,8.8
2019-05-11,8.623527732618413,10.948740271487136,3.3965537299733706,7.242051839758645,12.0,8.8
2019-05-12,8.269595053314836,10.609274118069038,3.3476951041069065,7.07703615149078,12.0,8.8
2019-05-13,8.056772684096197,10.37642241581115,3.2937871931442584,7.6101638452393345,12.0,8.8
2019-05-14,7.832274723746456,10.106376480342346,3.2369923976296775,7.971118257858479,12.0,8.8
2019-05-15,7.405772688194214,9.664900542439502,3.1685451024064384,8.224477948954908,12.0,8.8
2019-05-16,6.893978733137682,9.163776104182725,3.0947149722992515,9.190746507374167,12.0,8.8
2019-05-17,6.3063568599671465,8.64033574259493,3.03146264071298,9.347147686815692,12.0,8.8
2019-05-18,5.767680741488432,8.191816653662645,2.976238898315484,8.73571371098427,12.0,8.8
2019-05-19,5.29852322651545,7.830793336462274,2.9284270935742875,8.931382050863714,12.0,8.8
2019-05-20,4.83131069738483,7.499548139000093,2.8799011126875604,9.984283564737419,12.0,8.8
2019-05-21,4.419501827822436,7.258350605884824,2.814350199095222,10.265185739356133,12.0,8.8
2019-05-22,4.215510160604724,7.210547124514164,2.7400459760844416,11.764949720927074,12.0,8.8
2019-05-23,4.161368494274792,7.285632374020054,2.671693240593332,10.499761241012417,12.0,8.8
2019-05-24,4.237967493766048,7.429477450933413,2.6074747808013847,10.517614817514273,12.0,8.8
2019-05-25,4.225433871346273,7.477369910577522,2.5572920011579794,10.799332230751762,12.0,8.8
2019-05-26,4.223014105507104,7.513547952294987,2.5209615985184093,11.408818419972635,12.0,8.8
2019-05-27,4.265555810073432,7.556908376123415,2.480994571257753,10.576702300583735,12.0,8.8
2019-05-28,4.402636741160206,7.654405898580056,2.4660964879519276,10.754061799160993,12.0,8.8
2019-05-30,4.54371577182662,7.735405416400348,2.468489391791325,9.939983896860818,12.0,8.8
2019-05-31,4.66368581982439,7.786195778608293,2.469323428082301,10.712090352812004,12.0,8.8
2019-06-01,4.8291063968492836,7.884786473142786,2.4692489679925496,10.701824545491693,12.0,8.8
2019-06-02,5.142604719048742,8.104272957791725,2.4625770980856925,10.461318599844779,12.0,8.8
2019-06-03,5.401834208424849,8.281645282682048,2.4516509344158357,10.092450776576829,12.0,8.8
2019-06-04,5.648687675143963,8.471640321993366,2.4746396412277045,9.104159945255551,12.0,8.8
2019-06-05,5.796649841771649,8.587968970220516,2.497661996749181,8.090791951647462,12.0,8.8
2019-06-06,5.911127306227546,8.680480537815518,2.5102410217454127,6.905329800109243,12.0,8.8
2019-06-07,6.024724906018297,8.77986086308677,2.5151902033747393,6.074832268080442,12.0,8.8
2019-06-08,5.967541391710175,8.74349990631343,2.519592051608551,5.412434073536751,12.0,8.8
2019-06-09,5.793617186236669,8.612868353288556,2.5182230814093884,4.732866398603301,12.0,8.8
2019-06-10,5.705209542133876,8.542805038517299,2.5052050676912927,4.181593480745195,12.0,8.8
2019-06-11,5.65477545685818,8.483198348446681,2.4526177693934335,4.113568160346651,12.0,8.8
2019-06-12,5.551892953315685,8.377651971350806,2.3955050982496005,4.203108784679146,12.0,8.8
2019-06-13,5.380547480072356,8.223755569701666,2.350315588070633,6.751053890003813,12.0,8.8
2019-06-14,5.19079502158471,8.053919046340955,2.3227601877810042,7.285765348904643,12.0,8.8
2019-06-15,5.042331307165731,7.920307510713274,2.309559824625487,7.833911620894136,12.0,8.8
2019-06-16,4.9066796447003105,7.80385966800461,2.3137629276089706,7.754015408864597,12.0,8.8
2019-06-17,4.678734183314743,7.625668317287802,2.3389846060224904,7.588058799693306,12.0,8.8
2019-06-18,4.364992041759641,7.387129436701953,2.397070009385195,7.961643306052886,12.0,8.8
2019-06-19,4.301716813704696,7.330863030998452,2.44446920828772,7.787293386565195,12.0,8.8
2019-06-20,4.330844944889187,7.329129201336692,2.4916795174083615,5.193812261371322,12.0,8.8
2019-06-21,4.336866547409808,7.297549864107103,2.5351894905635066,4.615906215573586,12.0,8.8
2019-06-22,4.4415878095540915,7.328613700659332,2.55847102793222,3.8969014585517994,12.0,8.8
2019-06-23,4.64225040766686,7.429563121980469,2.585359637858882,4.084203327243706,12.0,8.8
2019-06-24,5.007417576416515,7.646577799928634,2.604073919004926,5.271747725451517,12.0,8.8
2019-06-25,5.498705767780523,7.956450483128516,2.6114808073477644,5.670190839062359,12.0,8.8
2019-06-26,5.7713777467856096,8.098410447226797,2.6425951774973435,6.618796318901131,12.0,8.8
2019-06-27,6.13223188154307,8.308582390428228,2.69566820026472,7.185784042555359,12.0,8.8
2019-06-28,6.809072160824956,8.768407884935227,2.754787252230841,7.085087370649804,12.0,8.8
2019-06-29,7.476150549685111,9.211925053081188,2.843528361610526,7.236749850942189,12.0,8.8
2019-06-30,8.080774684019941,9.592079084272532,2.9187614147235883,7.298931718929039,12.0,8.8
2019-07-01,8.536553314641376,9.854987316637018,2.9901951173673638,6.27394137237057,12.0,8.8
2019-07-02,8.876497772850598,10.034318448154027,3.061267271911297,6.149525039548489,12.0,8.8
2019-07-03,9.260115546071786,10.259571301707597,3.115216024533128,5.695298900206926,12.0,8.8
2019-07-04,9.421261743021205,10.313761527681256,3.122466613819699,6.547374190294144,12.0,8.8
2019-07-05,9.111187701352785,9.994458456643112,3.106387638275115,7.887463401170753,12.0,8.8
2019-07-06,8.77170460941126,9.679628583424362,3.0567503436817236,8.334376574927393,12.0,8.8
2019-07-07,8.493045552903904,9.416782230416093,2.993412837889634,8.513231385790123,12.0,8.8
2019-07-08,8.155510668494344,9.107630942842686,2.916199853950031,8.755796327248548,12.0,8.8
2019-07-09,7.828009542859539,8.786651825611923,2.835584021025178,8.8932711038467,12.0,8.8
2019-07-10,7.454545862637474,8.411673205569295,2.766767081313897,9.09239132124029,12.0,8.8
2019-07-11,7.196738946664011,8.12884173430861,2.722385848011417,8.664654430958295,12.0,8.8
2019-07-12,7.129402356567506,7.999078989726627,2.6952418785485293,8.78023201805047,12.0,8.8
2019-07-13,7.049171425084556,7.82749250809502,2.674075416738958,9.167590194177714,12.0,8.8
2019-07-14,6.897425577933485,7.599155824187294,2.667718080175819,9.203067852366368,12.0,8.8
2019-07-15,6.896491675704559,7.476507396740544,2.680070914267495,8.73191494784774,12.0,8.8
2019-07-16,6.94143830586149,7.387804283317231,2.69616271052772,8.004761326161914,12.0,8.8
2019-07-17,7.059016579817239,7.362417638497318,2.697523966116701,7.296931383788474,12.0,8.8
2019-07-17,7.501522692715095,7.331063744577103,2.6961593754822144,6.284810206443765,12.0,8.8
2019-07-18,8.117575384543036,7.250575401059109,2.6977039128025035,5.26131341079364,12.0,8.8
2019-07-19,8.71588466247666,7.109690535174325,2.71819276003291,5.416123138360487,12.0,8.8
2019-07-20,9.751098816013434,6.985452733884066,2.74427505713587,5.852629065884954,12.0,8.8
2019-07-21,10.552167634235799,6.841662061427371,2.7625305107039577,6.75497273372251,12.0,8.8
2019-07-22,11.151834816705149,6.658312456813762,2.786647685364516,7.845227536554138,12.0,8.8
2019-07-23,11.953516863904076,6.4831931128049485,2.822921456729079,8.569698039249234,12.0,8.8
2019-07-24,12.628698828044255,6.299343550517302,2.8650537897841883,9.440768991872952,12.0,8.8
2019-07-25,13.140014110522248,6.161784027310326,2.90809163465726,9.8906407918207,12.0,8.8
2019-07-26,13.613733362722702,6.148651374581642,2.9426692681825477,10.037929843333098,12.0,8.8
2019-07-27,13.503415604217503,6.147194533321486,2.9725394774004315,10.49046423113181,12.0,8.8
2019-07-28,13.50050640956638,6.102252057469302,3.0195850040509242,10.954466562069175,12.0,8.8
2019-07-29,13.66203402962481,6.07186378435778,3.059533379103109,10.944732748080169,12.0,8.8
2019-07-30,13.562339653369591,6.0130783611969765,3.09726514038372,11.179009250426384,12.0,8.8
2019-07-31,13.274372233341486,5.906450728697004,3.1367617674071044,11.156998042243632,12.0,8.8
2019-08-01,12.894201640911833,5.8430898067074395,3.1547182919344516,11.099148284661467,12.0,8.8
2019-08-02,12.469551558719488,5.710485156398834,3.1726864117721214,10.470867821674721,12.0,8.8
2019-08-03,12.149300741776917,5.558978431970445,3.193015180023662,9.933498903998922,12.0,8.8
2019-08-04,11.729613313939272,5.400383956168469,3.2063908628710545,9.389497166319257,12.0,8.8
2019-08-05,11.317135517089513,5.266906960084343,3.2213817453788516,9.004629805866477,12.0,8.8
2019-08-06,11.055968612384119,5.117074874768321,3.2395664318038007,8.814373703587165,12.0,8.8
2019-08-07,10.863064216458172,5.031551395518737,3.247556399605965,8.92311279492427,12.0,8.8
2019-08-08,10.705346579898304,4.952631350023474,3.274810842041993,8.976239483357958,12.0,8.8
2019-08-09,10.564847018487061,4.9998592017801196,3.2813371457910097,9.136345737846451,12.0,8.8
2019-08-10,10.507253805975994,5.052930010456611,3.298128359770857,9.319789631866168,12.0,8.8
2019-08-11,10.556938141528859,5.173981930739193,3.3096817167732695,9.664929644225165,12.0,8.8
2019-08-12,10.623391210906732,5.330932917900968,3.3197862579815114,9.584996086008866,12.0,8.8
2019-08-13,10.51888447609054,5.509682822261449,3.325208148211317,9.465954416463717,12.0,8.8
2019-08-14,10.29864301494892,5.717106891844935,3.3387471570251086,9.327833122719767,12.0,8.8
2019-08-15,10.052834106232527,5.829246559126919,3.357027980834289,11.048129740045256,12.0,8.8
2019-08-16,9.870054694751559,5.807014949353045,3.396218924543839,11.383233295325159,12.0,8.8
2019-08-17,9.735091118861375,5.804204540595379,3.411790068090251,11.434698616099954,12.0,8.8
2019-08-18,9.653871430207905,5.770109066157626,3.4171034807588563,11.697539354489276,12.0,8.8
2019-08-19,9.571073089984427,5.693817878628855,3.4209287698449606,12.072521258231735,12.0,8.8
2019-08-20,9.541953090096888,5.639674914333251,3.410948763617942,12.482688185135668,12.0,8.8
2019-08-21,9.459992486254254,5.500059611000438,3.400415847456937,12.657911089640645,12.0,8.8
2019-08-22,9.43509504574576,5.418926556985006,3.370609771713731,11.302302926761504,12.0,8.8
2019-08-23,9.450900005523625,5.366995901895458,3.3379817736059016,11.14977777646243,12.0,8.8
2019-08-24,9.411312076565338,5.292150421702128,3.3161731888404193,11.03455126992135,12.0,8.8
2019-08-25,9.4033516739188,5.201788558533418,3.3083534595817565,10.414754554289187,12.0,8.8
2019-08-26,9.361558390821656,5.142172781960515,3.2971632817183996,10.823926357777575,12.0,8.8
2019-08-27,9.307383800168578,5.036221890440572,3.311090044795293,11.43233762967146,12.0,8.8
2019-08-28,9.321136028853553,5.002710397188163,3.3152935563052575,11.508499350987192,12.0,8.8
2019-08-29,9.287690751971562,4.9574448272474,3.3332485081687935,12.537956049824542,12.0,8.8
2019-08-30,9.256411251440113,4.914760976571009,3.3578044279012795,12.321359272280926,12.0,8.8
2019-08-31,9.175205516670896,4.891199874533015,3.374741318748363,12.340997446909341,12.0,8.8
2019-09-01,9.044330073231615,4.889011354040276,3.377566235676698,12.461116902361647,12.0,8.8
2019-09-02,8.896636881862113,4.826459139718273,3.3857571430525986,11.807153616287193,12.0,8.8
2019-09-03,8.751444775576768,4.779013164946605,3.37689411234036,10.7560208167986,12.0,8.8
2019-09-04,8.565164753464387,4.660664955839301,3.377542330326861,10.32482435151522,12.0,8.8
2019-09-05,8.435246605988548,4.541898497654269,3.374752991836317,8.676370957272468,12.0,8.8
2019-09-06,8.282728339098878,4.418658927971949,3.3654446256279624,8.707817944970254,12.0,8.8
2019-09-07,8.152348087542657,4.2947157875108735,3.366478946741101,8.434938100084299,12.0,8.8
2019-09-08,8.038628064719136,4.151028056224058,3.3822720531328025,8.388921415685763,12.0,8.8
2019-09-09,7.952352650938726,4.0547986695595615,3.3927479532258036,8.314467711465623,12.0,8.8
2019-09-10,7.886601959591597,3.974623502743181,3.406756341466555,8.412602997732408,12.0,8.8
2019-09-11,7.849587138227915,3.968644550688469,3.406822386077266,8.408878304719778,12.0,8.8
2019-09-12,7.80260919902148,3.9483379039324893,3.4059779003261093,8.345100894553367,12.0,8.8
2019-09-13,7.728603157403577,3.9258710129591514,3.4007193534187405,8.272377493818462,12.0,8.8
2019-09-14,7.648206528756954,3.8839309771753148,3.3898142368771533,8.358008576303504,12.0,8.8
2019-09-15,7.567160796138431,3.8622179757422095,3.3676266529859578,8.24284669942727,12.0,8.8
2019-09-16,7.311509358979421,3.854863794812981,3.3508253844507174,7.949249973366501,12.0,8.8
2019-09-17,7.061926237515627,3.882561003613497,3.333271725538432,7.7599034624785315,12.0,8.8
2019-09-18,6.82771947384265,3.9089819117565816,3.323639307299073,7.5345866654076525,12.0,8.8
2019-09-19,6.635234049661904,3.9866075112789923,3.317304971625333,7.398979783493694,12.0,8.8
2019-09-20,6.488486621694409,4.1226962886253125,3.307918625669036,7.060722699045582,12.0,8.8
2019-09-21,6.333660456362308,4.319404150991553,3.2978117589840314,6.701387935272862,12.0,8.8
2019-09-22,6.195044547337907,4.549798862812996,3.293765919357018,6.329759411402287,12.0,8.8
2019-09-23,6.254212894064898,4.771993578146431,3.2873349944625585,6.229508330271407,12.0,8.8
2019-09-24,6.294804740174553,4.964008208788097,3.282614239238671,6.339360316886505,12.0,8.8
2019-09-25,6.425545106472511,5.153691743888406,3.2766346610311246,6.5699269333097465,12.0,8.8
2019-09-26,6.526941963993457,5.311249059148598,3.2590085822999777,6.743862214523767,12.0,8.8
2019-09-27,6.653549599582631,5.426594732694078,3.2462717736302937,6.5273643293136265,12.0,8.8
2019-09-28,6.730215644898797,5.471556769065022,3.2306125600789977,6.5382169946906,12.0,8.8
2019-09-29,6.777492226051521,5.490605345072895,3.2012487644457184,6.545249242645342,12.0,8.8
2019-09-30,6.802511696349659,5.506968238194994,3.1670150195843854,6.559503191932625,12.0,8.8
2019-10-01,6.861760927287021,5.515241877311959,3.121169639701906,6.37144914999334,12.0,8.8
2019-10-02,6.805784069504535,5.494863560195256,3.0694855390144005,6.26544338085711,12.0,8.8
2019-10-03,6.759822950644752,5.500370390295059,3.0188515931068673,6.117723517065154,12.0,8.8
2019-10-04,6.681676003609469,5.517158443726162,2.9690169964592195,6.480946228118545,12.0,8.8
2019-10-05,6.658374486718343,5.573820163998058,2.926514781024959,6.625232960047872,12.0,8.8
2019-10-06,6.65769063611657,5.621893017091809,2.8967994566846307,6.860715757453036,12.0,8.8
2019-10-07,6.67714477592474,5.676187011174436,2.868825333730927,7.025146251352247,12.0,8.8
2019-10-08,6.696416644154212,5.709555633444422,2.8571809449153136,7.091385875782942,12.0,8.8
2019-10-09,6.661982463734259,5.7226490079108725,2.865985245741647,7.085160978117622,12.0,8.8
2019-10-10,6.579790554862024,5.697907650881705,2.887500365131749,6.923237555268346,12.0,8.8
2019-10-11,6.455921148503222,5.650102243728205,2.9115181467693634,6.679111953775213,12.0,8.8
2019-10-12,6.367541263719529,5.592137868235203,2.942355495673021,6.580657806009922,12.0,8.8
2019-10-13,6.264092065691692,5.543991309011882,2.978634015910253,6.366256861101261,12.0,8.8
2019-10-14,6.165046069153683,5.494410722605023,3.017557197312588,6.19243061647212,12.0,8.8
2019-10-15,6.044543488645824,5.503598701372645,3.0498838011646803,6.027394983969897,12.0,8.8
2019-10-16,6.002699033476596,5.579453509410939,3.0647174126909653,5.868459271443081,12.0,8.8
2019-10-17,5.990308313273805,5.678460257402638,3.0753258306097035,5.982530873157796,12.0,8.8
2019-10-18,6.014477209181723,5.815606063614025,3.0824193525055454,6.112791866227532,12.0,8.8
2019-10-19,6.016891054337527,5.95779854393876,3.0716902246122606,6.126064956291779,12.0,8.8
2019-10-20,6.017051420759485,6.077023860090686,3.0526619100364405,6.135967028811015,12.0,8.8
2019-10-21,6.014871025246706,6.16875470970645,3.035531467321728,6.127235038379768,12.0,8.8
2019-10-22,5.986914990885927,6.201952551482391,3.0165525090494163,6.177669857045637,12.0,8.8
2019-10-23,5.992718248665269,6.172220069737786,3.0012546747259257,6.1627089595024955,12.0,8.8
2019-10-24,5.976853723551513,6.13850172615683,2.9798066232204325,5.862254070934177,12.0,8.8
2019-10-25,5.899711163130138,6.0675803998513675,2.959355508520271,5.703711110994474,12.0,8.8
2019-10-26,5.822771627990913,5.975159186981013,2.9460726590947224,5.480624394385204,12.0,8.8
2019-10-27,5.76311724097222,5.869901237263297,2.944927433393709,5.3284585780581875,12.0,8.8
2019-10-28,5.680005781750645,5.713691796101394,2.957684447590314,5.232540369652851,12.0,8.8
2019-10-29,5.5948411889563445,5.555436373102704,2.9856337194236744,5.1130064495389425,12.0,8.8
2019-10-30,5.445147097445579,5.388255212633559,3.0228338887473734,4.9146450984694905,12.0,8.8
2019-10-31,5.341548767599005,5.191542075620069,3.073495176197046,4.957591015943243,12.0,8.8
2019-11-01,5.308891991960991,5.0002656947035815,3.1322027847453944,5.074480784739011,12.0,8.8
2019-11-02,5.293830567389099,4.824340623873899,3.1954345032904308,5.243190022554182,12.0,8.8
2019-11-03,5.260520522485037,4.673715273386725,3.2393559224276487,5.327139044988242,12.0,8.8
2019-11-04,5.238491898073365,4.638060157992096,3.2580015705512073,5.3921993075038674,12.0,8.8
2019-11-05,5.097892478171602,4.619983230635439,3.2585373586183835,5.312459127571224,12.0,8.8
2019-11-06,4.942492281545219,4.642802931701283,3.2528624995976423,5.310669550723172,12.0,8.8
2019-11-07,4.748747551618716,4.7024639871396925,3.239301257651728,5.22712672978211,12.0,8.8
2019-11-08,4.575379215466349,4.78660345492444,3.216089367332988,5.028950284690808,12.0,8.8
2019-11-09,4.378404013739293,4.874655267248938,3.1964462088362455,4.861351388799785,12.0,8.8
2019-11-10,4.199253284882628,4.9875946083003555,3.1900567112744307,4.726986914241039,12.0,8.8
2019-11-11,4.028131571379151,5.067770974193804,3.193838175077758,4.549050293603356,12.0,8.8
2019-11-12,3.9912060252031423,5.200913180171751,3.2062215055425805,4.519031082658574,12.0,8.8
2019-11-13,3.996029314447942,5.348718653963512,3.209508237443369,4.553247442753248,12.0,8.8
2019-11-14,4.109183497201825,5.5018884634072185,3.213245039609457,4.647227213927556,12.0,8.8
2019-11-15,4.190388056205928,5.645439000624443,3.2208570687729474,4.787149435659807,12.0,8.8
2019-11-16,4.31398669612689,5.800391112633763,3.215413678440212,4.894729306181622,12.0,8.8
2019-11-17,4.445403147784803,5.945598928861979,3.20058106073593,5.070131396785017,12.0,8.8
2019-11-18,4.57795261973108,6.086713261689291,3.1810153799881107,5.228465686804376,12.0,8.8
2019-11-19,4.736886316878931,6.188740981757722,3.1563147193228684,5.327942190944968,12.0,8.8
2019-11-20,4.887686875560313,6.28039605336921,3.140400910321026,5.293043063695093,12.0,8.8
2019-11-21,4.921162556214486,6.3731757411999865,3.1176975435431262,5.41029192297633,12.0,8.8
2019-11-22,4.940225747271589,6.472756984071201,3.0857367627326977,5.506613444011586,12.0,8.8
2019-11-23,4.8999350629399885,6.534225563234794,3.0567599075289706,5.157531085395047,12.0,8.8
2019-11-24,4.827135908707086,6.567845080140671,3.0347762644498664,4.7295359244292845,12.0,8.8
2019-11-25,4.721787138335473,6.546834256085219,3.0211782645493486,4.356912123709788,12.0,8.8
2019-11-26,4.584207126900452,6.491950559753791,3.008668250041564,4.129111515119655,12.0,8.8
2019-11-27,4.442030446812601,6.399452998884564,2.99619040664345,4.054963820125996,12.0,8.8
2019-11-28,4.3572971396784945,6.245548687196041,2.996757403602548,3.84286584268306,12.0,8.8
2019-11-29,4.282955613234579,6.043036667162759,3.0073670144395357,3.400134061929191,12.0,8.8
2019-11-30,4.240489698010779,5.858164011182079,3.026400992113959,3.4489978706299533,12.0,8.8
2019-12-01,4.19367752891075,5.661647267872646,3.045718174758617,3.5113409297321847,12.0,8.8
2019-12-02,4.185383047830548,5.513790766810246,3.061042714357037,3.5652823947619225,12.0,8.8
2019-12-03,4.147909450854415,5.384581942104693,3.080247247115165,3.475895913040098,12.0,8.8
2019-12-04,4.032408437666436,5.262211105848247,3.1028970766690316,3.323802469128165,12.0,8.8
2019-12-05,3.890649195316668,5.185873015886508,3.1127797228603162,3.162299975599009,12.0,8.8
2019-12-06,3.754725121442541,5.142079827517015,3.120522229001275,3.181328835935498,12.0,8.8
2019-12-07,3.613398907296729,5.085956441882331,3.1194025892176325,3.1245722160096596,12.0,8.8
2019-12-08,3.46964601415343,5.040197028210303,3.1199292498079956,2.870372644116629,12.0,8.8
2019-12-09,3.319050032816606,4.97099822425834,3.1267416157486587,2.6338314692924514,12.0,8.8
2019-12-10,3.1574395593395406,4.913735684527418,3.132414634321935,2.46614981535696,12.0,8.8
2019-12-11,3.0911885162859236,4.888079801717863,3.131103761142774,2.3460545015796668,12.0,8.8
2019-12-12,3.007551275546258,4.87816017222642,3.1376829537224467,2.2462887363056288,12.0,8.8
2019-12-13,2.9349030745129716,4.8845550289827395,3.146925660106644,2.1393869345102665,12.0,8.8
2019-12-14,2.8631302541334107,4.920710721839084,3.164388381054185,2.103612393707273,12.0,8.8
2019-12-15,2.811281006413498,5.004351937514749,3.174965629567128,2.2508331174462817,12.0,8.8
2019-12-16,2.7623821014596888,5.133908874376216,3.175835788163401,2.365153863475109,12.0,8.8
2019-12-17,2.733563107251199,5.280216173425084,3.174727916085248,2.4569437124830245,12.0,8.8
2019-12-18,2.694313237068718,5.421678862110192,3.173289612387817,2.4711851459843888,12.0,8.8
2019-12-19,2.6897276863986455,5.530608989104645,3.1649513734794943,2.444257209761554,12.0,8.8
2019-12-20,2.668819356127216,5.626125807904657,3.1499687371077374,2.417477572896453,12.0,8.8
2019-12-21,2.748253896079529,5.7042297367840105,3.127720947720024,2.3153318803431437,12.0,8.8
2019-12-22,2.8460449344492535,5.7366411107301065,3.1073716106377356,2.211417689567393,12.0,8.8
2019-12-23,2.934833981730671,5.758877242112825,3.0838666545048374,2.1160395401385848,12.0,8.8
2019-12-24,3.0474802534974033,5.741355847566646,3.065316790289537,2.0214249131656086,12.0,8.8
2019-12-25,3.170212369854809,5.7120565371648695,3.048211965789745,1.977315079519523,12.0,8.8
2019-12-26,3.2717732595939606,5.71655603086558,3.0364354554864,1.9624512089038981,12.0,8.8
2019-12-27,3.378410641655768,5.722111421849036,3.030194960979141,1.9297702958866965,12.0,8.8
2019-12-28,3.395624528545459,5.737265003704522,3.0292088617842734,1.9434620450710156,12.0,8.8
2019-12-29,3.398523621999136,5.775575689423761,3.033878668027569,1.9668867035836815,12.0,8.8
2019-12-30,3.4186593851186564,5.775408618110897,3.0522277978626766,1.9608934997762169,12.0,8.8
2019-12-31,3.471489833759327,5.800103027972625,3.06910833680545,1.9995719932118123,12.0,8.8
2020-01-01,3.5231577225341644,5.842335524036806,3.0912742319622413,2.0906729468310994,12.0,8.8
2020-01-02,3.5575821695328522,5.883485846101711,3.1138664413440886,2.1826129814766415,12.0,8.8
2020-01-03,3.5912904201593996,5.931929798048917,3.133653775311708,2.2761178749918995,12.0,8.8
2020-01-04,3.6156939700549704,5.964068333718997,3.1548603952984826,2.285804178616153,12.0,8.8
2020-01-05,3.6436909545091134,5.982269295328,3.1709695842378665,2.3114162199996975,12.0,8.8
2020-01-06,3.657838433327335,6.02423328396318,3.181985244000328,2.3457267514608326,12.0,8.8
2020-01-07,3.646512337344855,6.0437959087958495,3.192216945613073,2.349653044237971,12.0,8.8
2020-01-08,3.631826543163693,6.007436528305253,3.2068955687780414,2.329617493594924,12.0,8.8
2020-01-09,3.768337087468407,5.886437488362446,3.2334528523240067,2.4115902936754816,12.0,8.8
2020-01-10,3.9013754649173444,5.733099128826041,3.2650143950638153,3.3041671012707945,12.0,8.8
2020-01-11,4.0789257396211,5.60702034662028,3.2903614142098343,3.3705556720480985,12.0,8.8
2020-01-12,4.251493426115631,5.45144744003576,3.325374824208995,3.516457086449224,12.0,8.8
2020-01-13,4.425148682726731,5.2813365973557165,3.3576299785384713,3.575284339373138,12.0,8.8
2020-01-14,4.597107825330092,5.115697613996872,3.3887151792418666,3.704098535482807,12.0,8.8
2020-01-15,4.790826856544934,4.999092875035517,3.4081224457070953,3.783413876821992,12.0,8.8
2020-01-16,4.844445008654745,4.988824351335991,3.404888111568011,3.8093037342626817,12.0,8.8
2020-01-17,4.8809962515301555,5.00381367290711,3.4017196595262766,3.0691368554853726,12.0,8.8
2020-01-18,4.854921176458234,4.961441009544354,3.4151683348268995,3.1538734616804014,12.0,8.8
2020-01-19,4.8539446193145945,4.9733962451876765,3.419500084246128,3.158059751976989,12.0,8.8
2020-01-20,4.844851928883709,4.989984840952421,3.4348270273102792,3.389056934854492,12.0,8.8
2020-01-21,4.92744971512053,5.027450665410462,3.4501807966514093,3.6209920740514683,12.0,8.8
2020-01-22,4.9196351360152635,5.053850520655723,3.47186833834175,3.867798903193163,12.0,8.8
2020-01-23,4.926500421025469,5.057730736010528,3.504103558452848,4.061595417315446,12.0,8.8
2020-01-24,4.858463107199681,5.073055581686804,3.52304831197936,4.178420647130955,12.0,8.8
2020-01-25,4.814404684767796,5.157051977422229,3.516300192540744,4.2593672185536615,12.0,8.8
2020-01-26,4.748937392218974,5.225903669904889,3.505455948263769,4.360676436235322,12.0,8.8
2020-01-27,4.8035585868876565,5.332525174621919,3.4759164132200544,4.345894795628193,12.0,8.8
2020-01-28,4.763322794367865,5.4385523107459335,3.4489186436672576,4.225963842407989,12.0,8.8
2020-01-29,4.816606042326667,5.558198972972629,3.4170997165430492,4.107320362720799,12.0,8.8
2020-01-30,4.898318141435388,5.66748340568641,3.392919777687922,4.055283675776695,12.0,8.8
2020-01-31,5.089335008380701,5.81242902499596,3.3799176993274784,4.01492198812583,12.0,8.8
2020-02-01,5.278283636784871,5.896752851599534,3.393310558291757,4.118926974786386,12.0,8.8
2020-02-02,5.446682991733797,5.969085586292773,3.4157495329885097,4.399289761134414,12.0,8.8
2020-02-03,5.4988995340892775,6.008407619878093,3.4500809916359043,4.533871693745835,12.0,8.8
2020-02-04,5.559348020400594,6.066181599306715,3.469972840009563,4.526202488207568,12.0,8.8
2020-02-05,5.669497073866975,6.134898203552877,3.491516503799744,4.580719603159621,12.0,8.8
2020-02-06,5.763819035739511,6.178229147187641,3.4982052939582826,5.141815611090783,12.0,8.8
2020-02-07,5.857187771584658,6.137351704579056,3.5097505861413896,5.363264228303963,12.0,8.8
2020-02-08,5.956786328262626,6.171949421920853,3.491596898101339,5.745771167740084,12.0,8.8
2020-02-09,6.072630572027196,6.207392724558994,3.4655262285204054,5.553868191579292,12.0,8.8
2020-02-10,6.116458301770986,6.241752366465822,3.4216126672678677,5.52469740980644,12.0,8.8
2020-02-11,6.161580682228303,6.231665871827171,3.388713775938864,5.594799368135338,12.0,8.8
2020-02-12,6.134504131715423,6.146491391763204,3.3526988893758705,5.695752406360284,12.0,8.8
2020-02-13,6.106503083414535,6.077070514065318,3.316819260759652,5.2257486826643555,12.0,8.8
2020-02-14,6.056829121047157,6.035414004695546,3.2693370240598205,5.382054635168958,12.0,8.8
2020-02-15,6.002520562053255,5.930415336351294,3.236760995962198,5.490416871603407,12.0,8.8
2020-02-16,6.008699178296019,5.85386224964833,3.2010987569520517,6.131541117737053,12.0,8.8
2020-02-17,6.059078439506805,5.766630120937431,3.193179394928547,6.481884956963593,12.0,8.8
2020-02-18,6.075270924931858,5.715513236203257,3.176389062235318,6.725851542125924,12.0,8.8
2020-02-19,6.086650984057552,5.743864702189699,3.1618778307485433,6.93697002145976,12.0,8.8
2020-02-20,6.093755315047915,5.798736241515485,3.153898392822831,7.182634619355839,12.0,8.8
2020-02-21,6.129096310786471,5.8643952936811115,3.146553869903406,7.097338804272887,12.0,8.8
2020-02-22,6.195850685507196,5.9567350919232025,3.1393592184967765,6.8571385761240835,12.0,8.8
2020-02-23,6.208954651956292,6.020782800596294,3.1383975608586314,6.428347977902762,12.0,8.8
2020-02-24,6.212155575356155,6.087424523817025,3.1188999381218343,6.208852672126639,12.0,8.8
2020-02-25,6.251421301344541,6.1316836838884194,3.11234459958106,6.3295862264372555,12.0,8.8
2020-02-26,6.2818442422243335,6.180595529138698,3.1072941327763153,6.462332308602346,12.0,8.8
2020-02-27,6.289679862614887,6.212067542335968,3.099178695068868,6.398081450891782,12.0,8.8
2020-02-28,6.262820132094973,6.259399022206968,3.0947060173349916,6.2711019456539905,12.0,8.8
2020-02-29,6.198637661454472,6.286118405495074,3.085321605166501,6.181938135173098,12.0,8.8
2020-03-01,6.132010718589748,6.3069387564432144,3.079140631486983,6.1011797577999,12.0,8.8
2020-03-02,6.109727579401361,6.398103971312845,3.07302683908765,6.099001152721725,12.0,8.8
2020-03-03,6.09533101467923,6.488452290485335,3.0680140706565697,5.776904694360064,12.0,8.8
2020-03-04,6.084632595531268,6.538723961379795,3.0548642122535665,5.57524487932426,12.0,8.8
2020-03-05,6.087918368232823,6.579823760539609,3.037235675639863,5.39546391651191,12.0,8.8
2020-03-06,6.138932899750656,6.569826943661757,3.023835423565718,5.26502032439104,12.0,8.8
2020-03-07,6.127922640214982,6.583538987079992,3.0139884680010107,5.009123636904719,12.0,8.8
2020-03-08,6.11621712633721,6.6319127073183255,2.9932622594502902,4.761970372864255,12.0,8.8
2020-03-09,6.105058985891964,6.605210555775378,2.9943879828177313,5.187703997121168,12.0,8.8
2020-03-10,6.111123364598385,6.582072351660567,2.9808181762367627,5.41953274624229,12.0,8.8
2020-03-11,6.091893311420806,6.578357425048482,2.974318670711686,5.4711291399854085,12.0,8.8
2020-03-12,6.054907022849354,6.581145413691461,2.982325944698094,5.843980838582043,12.0,8.8
2020-03-13,7.118323245999372,6.669429422639431,3.014479584039492,8.624127303978884,12.0,8.8
2020-03-14,7.327314451923002,6.728619896425796,3.0107119703693366,8.813459896851189,12.0,8.8
2020-03-15,7.524022738401521,6.791175681821683,3.034608996944168,12.12744180926271,12.0,8.8
2020-03-16,7.120598502548083,6.881423637073307,3.023452940056172,13.365219187683069,12.0,8.8
2020-03-17,7.530995705887369,6.999251113935689,3.0124709335618514,13.23634428709825,12.0,8.8
2020-03-18,7.548037953687817,7.0486580924460975,2.998783998321252,13.113284312584138,12.0,8.8
2020-03-19,7.2397113020071515,7.058364391607491,2.9666370223533614,12.525264208000182,12.0,8.8
2020-03-20,5.751666424926593,6.923196511336365,2.8706545893191975,9.64191585777928,12.0,8.8
2020-03-21,5.136865254761831,6.854478260310056,2.8333304267199213,9.228176590744983,12.0,8.8
2020-03-22,4.426065141859074,6.721102028209681,2.763093564514991,5.678154483017138,12.0,8.8
2020-03-23,4.3649261823803,6.532224074730079,2.7230773136189197,3.5511315196836066,12.0,8.8
2020-03-24,3.4027488068881757,6.237548408143392,2.7080962580373216,3.2619464816206,12.0,8.8
2020-03-25,2.871243697113035,6.005367033563898,2.7049131345531725,2.8479170071388547,12.0,8.8
2020-03-26,2.671571119638287,5.8138193212733835,2.71863238837089,2.7187327851462877,12.0,8.8
2020-03-27,2.448939929133032,5.736214291591442,2.7599611809260653,2.517034089890331,12.0,8.8
2020-03-28,2.275547077104141,5.574493034213284,2.7984215126228134,2.487694561051211,12.0,8.8
2020-03-29,2.2088418195841406,5.444652568585062,2.8440276683594448,2.3879144959493708,12.0,8.8
2020-03-30,2.0928307527234393,5.334225710795977,2.8673902730346907,2.2438399000265794,12.0,8.8
2020-03-31,2.0257565748388813,5.298418984044637,2.873683248374192,1.9733677790154591,12.0,8.8
2020-04-01,1.9476832675725664,5.2624516641407615,2.8738451352424152,1.7995938746386275,12.0,8.8
2020-04-02,1.8677339216983815,5.2652397974512075,2.8677527843976116,1.6287302895358002,12.0,8.8
2020-04-03,1.8579056144498054,5.258585612342196,2.89737631131095,1.452895597379664,12.0,8.8
2020-04-04,1.831990716040681,5.27937350485215,2.9068044163000235,1.3246597677576355,12.0,8.8
2020-04-05,1.7983559055843945,5.2833467131194425,2.9295803837778345,1.2938899574328402,12.0,8.8
2020-04-06,1.7571985834115325,5.325279116072344,2.9709833645036747,1.2368299072159872,12.0,8.8
2020-04-07,1.5254305294899575,5.421720935785361,3.0210429939668546,1.239774352598889,12.0,8.8
2020-04-08,1.3133301821463148,5.545128775410409,3.0650908788323648,1.282707914122909,12.0,8.8
2020-04-09,1.1136203819794228,5.579136955179341,3.1151899712191784,1.3184044027239186,12.0,8.8
2020-04-10,0.9143826275087792,5.5884465662997025,3.1225039961662326,1.3656899474433786,12.0,8.8
2020-04-11,0.7304616685352181,5.622508272195456,3.124854683585056,1.4006142165878088,12.0,8.8
2020-04-12,0.5562934687935712,5.69555227950711,3.110642256569069,1.4355170094280791,12.0,8.8
2020-04-13,0.38720216480890474,5.7501136692584724,3.0992034262390615,1.499908474313813,12.0,8.8
2020-04-14,0.4081000359312003,5.739557245466268,3.0840615162151965,1.4643188482625646,12.0,8.8
2020-04-15,0.41978942226396876,5.69428712908208,3.0684753160217975,1.414595619665757,12.0,8.8
2020-04-16,0.4296677479884089,5.703834034478153,3.0479520108537406,1.3577640643732867,12.0,8.8
2020-04-17,0.4371510289292812,5.698923980473816,3.0349483720397643,1.3004240895788057,12.0,8.8
2020-04-18,0.4435258048887015,5.638926736344112,3.0324052562700308,1.2016742195041048,12.0,8.8
2020-04-19,0.77559912618967,5.554031035971653,3.0433469119527508,1.1090910082377736,12.0,8.8
2020-04-20,1.0243653467028535,5.488613035292214,3.029636200990666,1.0099030399519815,12.0,8.8
2020-04-21,2.3736808525168476,5.445094344398659,2.991609360292147,1.0480223899492978,12.0,8.8
2020-04-22,2.937501919168301,5.386710192659645,2.9563003269425314,1.0306571263595143,12.0,8.8
2020-04-23,3.240492051264558,5.322734911133344,2.913485301349137,1.0245908191160438,12.0,8.8
2020-04-24,3.471139949163759,5.3042217411377,2.8975412318520006,1.0493097421620143,12.0,8.8
2020-04-25,3.624845767068631,5.361811630229113,2.878958009901993,1.09621342722415,12.0,8.8
2020-04-26,3.516017567806684,5.4459037779630615,2.85722972732274,1.1447157351102526,12.0,8.8
2020-04-27,3.396375107432603,5.543703082436723,2.846161846859855,1.1633408497469129,12.0,8.8
2020-04-28,2.238621759693747,5.639222352680487,2.866401677844014,1.1288821751746492,12.0,8.8
2020-04-29,1.8525813515031289,5.757324203830178,2.890391954661319,1.1303997491087723,12.0,8.8
2020-04-30,1.6203972490494902,5.895226340529177,2.9310824692777584,1.0886380559685467,12.0,8.8
2020-05-01,1.6907859255389017,6.0203654591963085,2.9436130893848946,1.0434190134725643,12.0,8.8
2020-05-02,1.9201946989414054,6.089983127715811,2.953484794165348,1.0797411713089349,12.0,8.8
2020-05-03,1.753738687755113,6.119238099920096,2.9558543311930725,1.0526304614539521,12.0,8.8
2020-05-04,1.6821114512301594,6.09733063979246,2.966133970158978,1.041663560470401,12.0,8.8
2020-05-05,1.5497603499880566,6.062785672761071,2.9818552561413703,1.0740020039538896,12.0,8.8
2020-05-06,1.431139874144215,6.05478592714389,2.9954145292896004,1.149110684797877,12.0,8.8
2020-05-07,1.4232582893342582,5.909401974394631,3.0008724088088536,1.2804617930170934,12.0,8.8
2020-05-08,1.1907287083389697,5.753257001913629,3.0148992475237315,1.4602447083400454,12.0,8.8
2020-05-09,0.890155879180637,5.591616801657275,3.043001286147578,1.514112943975267,12.0,8.8
2020-05-10,0.9424948699962749,5.434305388003801,3.0870932826857347,1.6023802862727525,12.0,8.8
2020-05-11,1.0252586119613019,5.29855427796319,3.1266506080756926,1.730289000538813,12.0,8.8
2020-05-12,1.0345846473438256,5.138773198149457,3.1486799038047195,1.7722440744964725,12.0,8.8
2020-05-13,1.029103947237746,4.903398771647152,3.170652715318011,1.8366376230442956,12.0,8.8
2020-05-14,1.0134355711567598,4.861926453589807,3.1842268384788577,1.9838734206592614,12.0,8.8
2020-05-15,1.0003069282853239,4.806496008560576,3.1953868755560797,1.9505144408812147,12.0,8.8
2020-05-16,0.977685188666192,4.814114924284338,3.187767282441111,1.9486245864596337,12.0,8.8
2020-05-17,0.9268177583566083,4.830085315522703,3.1751752445022583,1.958637773056856,12.0,8.8
2020-05-18,0.8468235351929343,4.839927572720788,3.1620185633368942,1.9092355707860176,12.0,8.8
2020-05-19,0.8555199710300341,4.899357690504587,3.157395840231788,1.815427692394969,12.0,8.8
2020-05-20,0.8678589966295142,5.0148132003214085,3.1643090907433753,1.663719081382133,12.0,8.8
2020-05-21,0.8848139587064604,5.055678230875848,3.1805694722181834,1.43761435997659,12.0,8.8
2020-05-22,0.8857871192862253,5.132510405009157,3.209614381799554,1.3671128608545293,12.0,8.8
2020-05-23,0.8678369371658455,5.157990452583866,3.244971707599238,1.3204872376955819,12.0,8.8
2020-05-24,0.8657530809626139,5.216156819914512,3.275122596865706,1.295790649546227,12.0,8.8
2020-05-25,0.8919960764709087,5.251133011191688,3.327954560125229,1.2863140372212043,12.0,8.8
2020-05-26,0.9040842774746046,5.268638121316282,3.3637283573316017,1.3245755276239897,12.0,8.8
2020-05-27,0.9040770447065899,5.282251997536832,3.3792367931969767,1.413966716965108,12.0,8.8
2020-05-28,0.9152473582810211,5.307034297518352,3.387860781622391,1.4597953981942295,12.0,8.8
2020-05-29,0.9577172703122303,5.3126694503302145,3.3804256906500387,1.4649129807555237,12.0,8.8
2020-05-30,1.027205468018291,5.344399166123424,3.372771102970201,1.507285119710797,12.0,8.8
2020-05-31,1.0852534477600766,5.381032522929607,3.3544524457350064,1.4874854116330172,12.0,8.8
2020-06-01,1.1144241149713012,5.5144660640632095,3.296138634046445,1.5036756044509059,12.0,8.8
2020-06-02,1.136094363396262,5.653268275415461,3.2225209548924942,1.5081496186816368,12.0,8.8
2020-06-03,1.2008795846729818,5.796285537970594,3.160858715493861,1.5288524077802583,12.0,8.8
2020-06-04,1.1931426988964156,5.940560771053932,3.1038898723908437,1.5537332810366424,12.0,8.8
2020-06-05,1.151086252460052,6.11240429247353,3.0524135453367722,1.614771591203486,12.0,8.8
2020-06-06,1.0851676743722358,6.240023927939968,3.004159183642725,1.6190766370445322,12.0,8.8
2020-06-07,1.0277452514575507,6.3292812748176415,2.9748195070899532,1.6630618529784935,12.0,8.8
2020-06-08,0.9688139208713951,6.328976162918025,2.963068725088683,1.6526388850654308,12.0,8.8
2020-06-09,0.9662377823349907,6.3600058645202955,3.0017000077330556,1.6539075740911007,12.0,8.8
2020-06-10,0.9493905310786792,6.379583125414911,3.034999263264053,1.7305297844069067,12.0,8.8
2020-06-11,0.9887119292888992,6.35694224812877,3.0659128998400473,1.9323764491263375,12.0,8.8
2020-06-12,1.0192981099301013,6.316500782421834,3.0971947032812506,2.07890344258452,12.0,8.8
2020-06-13,1.0458215376057114,6.358420902765561,3.1174760989965193,2.223200123549755,12.0,8.8
2020-06-14,1.0992341412516518,6.408895261352939,3.127816328990877,2.3648341807044795,12.0,8.8
2020-06-15,1.1467365652387804,6.480179748734242,3.1405256654510327,2.8035239860627046,12.0,8.8
2020-06-16,1.0479852582423557,6.486408002748111,3.1262822933728507,3.156897582865436,12.0,8.8
2020-06-17,0.9024606349927858,6.489652688236041,3.1134608291545556,3.346872198586287,12.0,8.8
2020-06-18,0.7478230750775505,6.536393556489291,3.102615830505909,3.469967913312869,12.0,8.8
2020-06-19,1.9838116051093275,6.563905043301247,3.09351977509879,3.677158291548493,12.0,8.8
2020-06-20,3.235350262936131,6.5427211342821385,3.093265903483931,3.7129624289780847,12.0,8.8
2020-06-21,4.487119073094208,6.5214947440113304,3.096212453405294,3.712978122149991,12.0,8.8
2020-06-22,6.436716519260066,6.505889927520067,3.092739874331731,3.474629275578099,12.0,8.8
2020-06-23,8.897427432773211,6.525132632562255,3.0961614022153583,3.251707305026501,12.0,8.8
2020-06-24,11.416236512590595,6.5544348940729105,3.0989752382051727,3.1006942581473353,12.0,8.8
2020-06-25,13.88007020396777,6.556499626063028,3.0986814610813798,2.9255921057496614,12.0,8.8
2020-06-26,15.076817071298725,6.569562521853413,3.093622878606908,2.738330963792351,12.0,8.8
2020-06-27,16.34862466781221,6.5730311793901945,3.089456578232679,2.6913813093104446,12.0,8.8
2020-06-28,16.34918440541336,6.5847918368711715,3.0832027783340874,2.7001632849892006,12.0,8.8
2020-06-29,15.754430065784394,6.608027327067508,3.0792457022201023,2.672506262129183,12.0,8.8
2020-06-30,14.777304241734194,6.625017090193686,3.0695604659336726,2.6868018792549258,12.0,8.8
2020-07-01,13.778927691043565,6.621078869096607,3.057534776723535,2.702469809372792,12.0,8.8
2020-07-02,12.82821601693937,6.62572840395094,3.050261051543089,2.795743922219466,12.0,8.8
2020-07-03,10.983234586777167,6.621376585335497,3.0484460109919382,2.9260923443419005,12.0,8.8
2020-07-04,8.759113105767856,6.616105155679626,3.0445292773600476,3.177232608859943,12.0,8.8
2020-07-05,7.709779166288306,6.596566130953022,3.040690323909481,3.353554331342267,12.0,8.8
2020-07-06,6.557762767802393,6.546098565785014,3.0397272634490946,3.4874237542608695,12.0,8.8
2020-07-07,5.406477518089245,6.503941605747603,3.0368150986017577,3.6549149424729044,12.0,8.8
2020-07-08,4.153323912645403,6.484204425617642,3.036928304548423,3.8678560547441556,12.0,8.8
2020-07-09,2.9160191235559134,6.468698097001403,3.0388299951406617,3.9596359886896835,12.0,8.8
2020-07-10,2.551890739245404,6.477072718809276,3.0373880804994866,3.986975318075846,12.0,8.8
2020-07-11,2.461747421600941,6.491286308337968,3.034310580734496,3.9557045246147604,12.0,8.8
2020-07-12,2.361145335707071,6.513971192153333,3.032728628351058,3.9768925057006377,12.0,8.8
2020-07-13,2.392216793645258,6.553092289373865,3.032595143947816,4.0614897111308625,12.0,8.8
2020-07-14,2.3340243498255395,6.580370956556229,3.0387344985469644,4.13779359713528,12.0,8.8
2020-07-15,2.350164998059204,6.591063110726387,3.048934610893111,4.088387732984077,12.0,8.8
2020-07-16,2.3523089051178414,6.599942309959715,3.0555948195978027,4.078000995101758,12.0,8.8
2020-07-17,2.2833064712377458,6.587296922285345,3.0637579665701202,4.071553937062548,12.0,8.8
2020-07-18,2.174528232157509,6.576653023644066,3.0736675300964618,4.05534930932801,12.0,8.8
2020-07-19,2.1414305818679464,6.552666206800374,3.0826496870568576,3.9511953886682782,12.0,8.8
2020-07-20,2.1996043465824404,6.528275564423358,3.087873966992695,3.7396874291895195,12.0,8.8
2020-07-21,2.5381036573330276,6.498805015401599,3.089736612021024,3.4746159996946617,12.0,8.8
2020-07-22,3.021196698870933,6.480621059148859,3.0862016276334105,3.3055908750097793,12.0,8.8
2020-07-23,3.6429176789788356,6.462136578232844,3.0747325897521023,3.3852046635674213,12.0,8.8
2020-07-24,4.216781203160688,6.445399815147027,3.063893855806494,3.3900565321360534,12.0,8.8
2020-07-25,4.644220682277229,6.432880363015402,3.0498278276157578,3.589220484999395,12.0,8.8
2020-07-26,4.64408501645324,6.450080083145955,3.034482948347468,3.312272779326999,12.0,8.8
2020-07-27,4.405771988943658,6.4739309739093835,3.01854664921735,3.1133266743351107,12.0,8.8
2020-07-28,3.941078043758379,6.506497355563591,3.018320856862098,2.9644064609800163,12.0,8.8
2020-07-29,4.407508015428837,6.524766079154517,3.020973440233803,2.8334142481704703,12.0,8.8
2020-07-30,4.682386207235512,6.544044431669225,3.042248858638345,2.6814731777822716,12.0,8.8
2020-07-31,4.804370714290012,6.567063654637285,3.059100588962366,2.582700318970337,12.0,8.8
2020-08-01,4.707915828831451,6.598381296234534,3.0815402267401737,2.246568348603373,12.0,8.8
2020-08-02,5.339377397648586,6.636995193592993,3.104053286745917,2.367810029756092,12.0,8.8
2020-08-03,5.857619582767638,6.686205519511491,3.1289010772516446,2.4464965688146436,12.0,8.8
2020-08-04,6.054385247802945,6.774960045961507,3.119829065025296,2.5741381598439443,12.0,8.8
2020-08-05,5.230945603367523,6.9281199841596095,3.1044561233997365,2.865720238414227,12.0,8.8
2020-08-06,4.511978261635973,7.129699938252941,3.0605032539754364,2.8500909298498174,12.0,8.8
2020-08-07,4.153610236245327,7.370591161237785,3.0184781153942555,3.0316043346641615,12.0,8.8
2020-08-08,4.052080170235868,7.609291749741487,2.9666149729501763,3.2900821124187636,12.0,8.8
2020-08-09,3.6988526243807898,7.824312592441125,2.916124605862097,3.7040255371374373,12.0,8.8
2020-08-10,3.4783749982690417,8.039247224124406,2.8644609853906866,4.185793151822024,12.0,8.8
2020-08-11,3.4786421159611534,8.216568591113353,2.8307025420321645,4.632347728448224,12.0,8.8
2020-08-12,3.5098248516294452,8.340148530820866,2.7964326285743004,4.9081637499935225,12.0,8.8
2020-08-13,3.566021815003758,8.382952749422218,2.7857207282019942,5.19062868085412,12.0,8.8
2020-08-14,3.58066258685187,8.395191487999877,2.772513031784602,5.056328533803155,12.0,8.8
2020-08-15,3.568379625188095,8.430691019537107,2.7633112056654374,5.386822908723829,12.0,8.8
2020-08-16,3.559133896832266,8.480602445704376,2.759362682277348,5.483088403347416,12.0,8.8
2020-08-17,3.519653104524983,8.529987463983648,2.7520127471288283,5.890880318326182,12.0,8.8
2020-08-18,3.5626859179465336,8.576291462431016,2.7450150834027176,5.806348296540554,12.0,8.8
2020-08-19,3.5426651168333327,8.6195230983832,2.7497285686885027,6.223305458643386,12.0,8.8
2020-08-20,3.455304636861075,8.711116712661717,2.751361532445831,6.414787202005521,12.0,8.8
2020-08-21,3.2075966197219055,8.797561935360818,2.7565235263157035,6.829347357581023,12.0,8.8
2020-08-22,3.1604164618199038,8.824199313741124,2.7726997552941066,8.593182486526834,12.0,8.8
2020-08-23,3.056129267723126,8.825794320098307,2.779878526492378,9.154455371266968,12.0,8.8
2020-08-24,2.981524281826578,8.78089968064815,2.795305720916734,8.790899655963761,12.0,8.8
2020-08-25,3.0830440605411993,8.743669007643357,2.8089478480672847,8.819594740034708,12.0,8.8
2020-08-25,3.1915990328175887,7.8041248532998315,2.8165431872702777,8.271823937830453,12.0,8.8
2020-08-26,3.1594617507836844,6.978299032277293,2.820780522325894,7.798494611920711,12.0,8.8
2020-08-27,3.1532159847474146,6.050030245654734,2.82328401771872,7.4449907940467455,12.0,8.8
2020-08-31,3.1571662942879213,5.592258588031838,2.8129975838257093,4.992043040594341,12.0,8.8
2020-09-01,3.1649118010204407,5.08591651001479,2.8077510536806796,3.9931823478642348,12.0,8.8
2020-09-02,3.2355939872951653,4.618392107599277,2.7942053058536374,3.63429470235326,12.0,8.8
2020-09-03,3.1826914692894386,4.448069090332927,2.781116201793992,3.3349643892676286,12.0,8.8
2020-09-04,3.0071972901573196,5.427358110931904,2.782707219394382,3.011174462443534,12.0,8.8
2020-09-05,2.998533025912196,6.260725779723595,2.7834712407080326,2.9548184562370996,12.0,8.8
2020-09-06,2.9897509534905042,9.39320070515811,2.7718832037382657,3.83391197648814,12.0,8.8
2020-09-07,2.9872386883589956,10.808800451432079,2.7644266493193874,4.6221558946384045,12.0,8.8
2020-09-08,2.9759842692005036,11.68205559895802,2.755776092283412,5.644286198098898,12.0,8.8
2020-09-09,2.922219941945102,11.47349577991921,2.745936445918131,6.063738534143709,12.0,8.8
2020-09-10,2.8043821536533593,11.128482881009619,2.739097277982767,6.132088122916014,12.0,8.8
2020-09-11,2.860296232529636,12.237929345052903,2.70263102713134,6.189840558519358,12.0,8.8
2020-09-12,2.93306543954823,12.494899999343163,2.6693463576194865,6.287448012574934,12.0,8.8
2020-09-13,2.95394656268436,10.186399653746978,2.661194809693232,5.271852396836471,12.0,8.8
2020-09-14,2.961720706291447,9.551889831906152,2.653089982898316,4.6935069832787475,12.0,8.8
2020-09-15,3.4090213141879344,9.559183023373041,2.6416155465628037,3.8290219918885575,12.0,8.8
2020-09-16,3.8674010639895253,10.16016026002058,2.644937054465641,3.5773307376764967,12.0,8.8
2020-09-17,3.9227570930867954,10.444128583055432,2.6482082463647436,3.6152525111424483,12.0,8.8
2020-09-18,3.925490363612614,10.775391500838623,2.664783486169012,3.6608795498982256,12.0,8.8
2020-09-19,3.852729903439969,12.113955980465525,2.6801133894587355,3.797639175083416,12.0,8.8
2020-09-20,3.8342533185487686,12.670427894311805,2.688756747698489,3.889213570252093,12.0,8.8
2020-09-21,3.799172497038455,11.987294693804724,2.6953168511680303,3.80076405618941,12.0,8.8
2020-09-22,3.3187200739234757,11.218423953303454,2.7112510659846203,3.8449506014947255,12.0,8.8
2020-09-23,2.8096959346799624,11.437924142413985,2.717034705342822,3.7909837500700236,12.0,8.8
2020-09-24,2.7295321177660226,11.839349629868082,2.7233576330620752,3.8576416520628034,12.0,8.8
2020-09-25,2.6482899918080602,10.37099995961778,2.737028834625371,4.0043893821722225,12.0,8.8
2020-09-26,2.6081363978023133,8.382090227625403,2.7539955692950855,4.100888998234558,12.0,8.8
2020-09-27,2.572086121320299,7.565401573593066,2.768484982968585,4.272067778908022,12.0,8.8
2020-09-28,2.555467617246426,7.728448196552406,2.7952430760646427,4.443268662654509,12.0,8.8
2020-09-29,2.553250286841846,8.233395235558177,2.816343076322998,4.3930877648276665,12.0,8.8
2020-09-30,2.5528677042169785,8.234896598696768,2.837416336092823,4.384426142216349,12.0,8.8
2020-10-01,2.556056851994281,8.347170022029227,2.8526948899513513,4.3660899289674875,12.0,8.8
2020-10-02,2.567012196068503,8.262337215233249,2.8606470644419795,4.217942256677037,12.0,8.8
2020-10-03,2.582192142289549,8.471382903864635,2.860234638318019,3.9016941839823667,12.0,8.8
2020-10-04,2.5938003931909637,8.690997213177736,2.857678318719345,3.5294236263439944,12.0,8.8
2020-10-05,2.6008677044260184,8.60286922716946,2.8442350534896184,3.2011450024925674,12.0,8.8
2020-10-06,2.6087610055438617,8.083554223498536,2.830458931683694,2.836089372014413,12.0,8.8
2020-10-07,2.612513491250096,7.390928539658312,2.8182382829434727,2.570750374109707,12.0,8.8
2020-10-08,2.6194880530624958,6.92855000706398,2.811643792628234,2.302723860602622,12.0,8.8
2020-10-09,2.6160358723350865,6.751181423659154,2.8076880508215134,2.0569348541960126,12.0,8.8
2020-10-10,2.609946395472517,6.687348425744773,2.8096931243048493,1.8891432946070155,12.0,8.8
2020-10-11,2.609475256591382,6.55946404301209,2.816486446286043,1.851824375650224,12.0,8.8
2020-10-12,2.6104704562288865,6.628039124328221,2.826195075578503,1.8280196845012708,12.0,8.8
2020-10-13,2.610782654260929,6.654633241510014,2.837250952974744,1.9272675996266713,12.0,8.8
2020-10-14,2.603976352638199,7.312287314018676,2.8503383383626693,1.9622693249270067,12.0,8.8
2020-10-15,2.597030113874913,7.4141410810613975,2.860103199182443,2.075705994721492,12.0,8.8
2020-10-16,2.5982180178109155,7.59154821917438,2.872355078730294,2.2668773700943694,12.0,8.8
2020-10-17,2.606331605283544,7.809345934848501,2.885311250455735,2.51525643814117,12.0,8.8
2020-10-18,2.6042462321127062,7.995081633354524,2.8911209940673603,2.662010996777956,12.0,8.8
2020-10-19,2.598855282642916,8.013102462267524,2.8925873913080813,2.901205114969319,12.0,8.8
2020-10-20,2.595224838155151,8.328436034075837,2.8928189041806474,3.1727885923749755,12.0,8.8
2020-10-21,2.626575225590711,8.763556745079061,2.8892284030505624,3.332121319583017,12.0,8.8
2020-10-22,2.641889228701536,9.345492211779876,2.9462691026495924,3.419723787258267,12.0,8.8
2020-10-23,2.6531688206258606,9.726456071157896,3.0048773820972974,3.7766265105893013,12.0,8.8
2020-10-24,2.6692156505984417,9.372039794060226,3.063328796572851,4.079295600680469,12.0,8.8
2020-10-25,2.680154718620396,9.104910801497377,3.1284106521552695,4.2558262690049045,12.0,8.8
2020-10-26,2.6995016403150744,8.94348988639284,3.203043554585459,4.25212789545442,12.0,8.8
2020-10-27,2.73081442209185,9.065338953858246,3.28025168428357,4.0285606439344,12.0,8.8
2020-10-28,2.744059109259839,8.87311151744861,3.361881626493349,3.9574054496998565,12.0,8.8
2020-10-29,2.7770868915118796,8.122709653952308,3.332907311383914,3.8481954842254376,12.0,8.8
2020-10-30,2.821284476161329,8.074005814292219,3.293185517628266,3.430335679893655,12.0,8.8
2020-10-31,2.851773792137775,8.258348258363641,3.258940906878625,3.0031436760341856,12.0,8.8
2020-11-01,2.8980213300093456,8.322922624646738,3.23237190231319,2.9454469067326263,12.0,8.8
2020-11-02,2.957785551594349,8.451131484372533,3.210723170185239,3.0333186648773385,12.0,8.8
2020-11-03,2.972551311221867,8.048224378989048,3.1926936785657096,3.370575160191098,12.0,8.8
2020-11-03,2.9793153044882055,7.375719372404319,3.028804148619248,3.6549427705203614,12.0,8.8
2020-11-04,2.9737162465106275,7.402388837401852,2.9058677928010277,4.091966452177628,12.0,8.8
2020-11-05,2.9630496960049073,6.349916725692906,2.83729013720723,4.498501124366352,12.0,8.8
2020-11-06,2.9506297357353217,5.921172008103981,2.7527150735561707,4.882977720204965,12.0,8.8
2020-11-07,2.9349248008977753,5.72629213806906,2.7039155946227105,5.607938405373917,12.0,8.8
2020-11-08,2.9817848166002987,5.377652612705174,3.1739495167545257,6.456553650187373,12.0,8.8
2020-11-09,2.999279356254561,5.163241317405481,3.1375023801075983,6.847134819015944,12.0,8.8
2020-11-10,2.98235081099604,4.959946348377261,3.119819492405283,6.915474422231402,12.0,8.8
2020-11-11,2.970602436861248,4.589893331132119,3.191846825081773,6.9535256675353425,12.0,8.8
2020-11-12,2.9549369660806866,4.691821944411473,3.315870974680641,7.254611423649034,12.0,8.8
2020-11-13,2.982870399295488,4.508285474692233,4.161042979823132,7.086907471960069,12.0,8.8
2020-11-14,2.9850554246484444,4.857746861566372,4.273537623176326,6.587573888728029,12.0,8.8
2020-11-15,2.9018362752407008,5.230696725111075,3.7252858678313947,6.049228582678127,12.0,8.8
2020-11-16,2.8772840182460446,5.751218463109602,3.6303588724894675,5.674033630466219,12.0,8.8
2020-11-17,2.886349272899683,6.0348263431769835,3.634037290755851,5.643521191176297,12.0,8.8
2020-11-18,2.902530328720069,6.4052400351649155,3.6260329828820304,5.6695746111647045,12.0,8.8
2020-11-19,2.936857111347347,6.769287268827436,3.7282380886473203,5.327440585530529,12.0,8.8
2020-11-20,3.002120776832602,7.147636966040889,3.1133339092023995,5.518645655530247,12.0,8.8
2020-11-21,3.088012733209214,6.923924552355048,3.168289322746019,5.5954307846538125,12.0,8.8
2020-11-22,3.234161168886555,6.852820169312669,3.522834703668599,6.04514125460682,12.0,8.8
2020-11-23,3.3441726911612157,6.621628263201852,3.5740334482170835,6.241039090744461,12.0,8.8
2020-11-24,3.4693754965934964,6.65656722722963,3.6389466775466657,8.973307071784856,12.0,8.8
2020-11-25,3.618785302309519,9.78683332346327,3.6375300920573044,9.209547611980435,12.0,8.8
2020-11-26,3.70483238624199,10.060480966371122,3.4164068881049645,9.404956130633698,12.0,8.8
2020-11-27,3.5909184587478142,10.253529815960807,3.1663305299821443,9.192527077416278,12.0,8.8
2020-11-28,3.487850876184647,10.47933516998955,2.9387824750341665,8.791655865148893,12.0,8.8
2020-11-29,3.3358566607567157,10.696616484312155,2.6061499982415484,7.838974439050091,12.0,8.8
2020-11-30,3.22804449818002,10.726396806080137,2.638784479828494,7.399087444450495,12.0,8.8
2020-12-01,3.1396533488252203,10.969268366287698,2.5860132473566386,4.747053350332554,12.0,8.8
2020-12-02,3.0283467310655494,8.036515630396194,2.7536868927793248,4.276194881377501,12.0,8.8
2020-12-03,3.04214023929055,7.8719908117960795,2.6926672154035844,4.036562773191743,12.0,8.8
2020-12-04,3.128955517543968,7.775803893081128,2.7162323112338105,4.207683285684665,12.0,8.8
2020-12-05,3.167688839479282,7.607043134695415,2.7085650966000743,4.379885587614987,12.0,8.8
2020-12-06,3.224016830744612,7.5886359263470995,2.6206351189301764,4.598396405247022,12.0,8.8
2020-12-07,3.235547827730436,7.662896141346565,2.4813031671919674,4.778446307182672,12.0,8.8
2020-12-08,3.2216868759114567,7.780142503764057,2.449073776983294,4.54001803704441,12.0,8.8
2020-12-09,3.185638694495977,7.614686568170043,2.18563608240018,4.87020866272058,12.0,8.8
2020-12-10,3.0590956200103823,7.669367384978462,2.379896927697935,4.952671103308008,12.0,8.8
2020-12-11,2.9886344715628543,7.91996841465528,2.504607601325645,5.085380671002747,12.0,8.8
2020-12-12,2.9605202966787862,7.998499713102201,2.639424781549073,5.380836768188314,12.0,8.8
2020-12-13,2.8732984930168795,7.893392614219192,2.6993738762969826,5.337757038394158,12.0,8.8
2020-12-14,2.8367778371800205,7.964666167701383,2.7358364600371528,5.142389305417529,12.0,8.8
2020-12-15,2.803433819779269,7.722885734402356,2.7486319809766084,5.035811450813569,12.0,8.8
2020-12-16,2.8057564644668056,7.559400675985255,2.777964705841874,4.581205600230805,12.0,8.8
2020-12-17,2.8322795140322414,7.217011302059871,2.8179816607605797,4.47805904136695,12.0,8.8
2020-12-18,2.9827038538954698,7.169751682191262,3.2095056606633605,4.316437412371381,12.0,8.8
2020-12-19,3.156493369125752,7.235795604656575,3.426588042283445,4.2050333569632965,12.0,8.8
2020-12-20,3.3318948448161723,7.383314555631659,3.716183030425534,4.576989956573373,12.0,8.8
2020-12-21,3.6076597236785015,7.39203393889707,4.004079879541247,5.192434279309221,12.0,8.8
2020-12-22,3.806863228240334,7.360477059055364,4.088611493422434,5.630152929487252,12.0,8.8
2020-12-23,4.0196865550838075,7.854822112788622,4.418935349540584,6.485842389787955,12.0,8.8
2020-12-24,4.22275478031195,8.257296872849095,4.254379545527996,6.684585161338277,12.0,8.8
2020-12-25,4.420283478592589,8.324993968500122,4.41308858649482,7.467485865413145,12.0,8.8
2020-12-26,4.472027339734296,8.472472455407948,4.071746856658232,7.627761344263853,12.0,8.8
2020-12-27,4.584444422737539,8.373011358377857,3.7885717305614324,7.588740413425834,12.0,8.8
2020-12-28,4.774689916994235,8.59596817689942,3.8945564794059884,7.394794116806669,12.0,8.8
2020-12-29,5.034103611866421,8.63333029332244,3.927644788216992,7.263990000320574,12.0,8.8
2020-12-30,5.1504861824057375,8.248542834754158,3.7997289363864817,6.555241650204443,12.0,8.8
2020-12-31,5.739736139155872,8.506483020398605,4.05886075351546,6.602257334004873,12.0,8.8
2021-01-01,6.1220644791992225,8.329498063313581,3.686340921000282,6.313730036194715,12.0,8.8
2021-01-02,6.685505379394081,8.302918435158631,4.186777393850243,5.743753776763168,12.0,8.8
2021-01-03,7.413813749869426,9.489713421777386,4.714225318719834,5.802034785588185,12.0,8.8
2021-01-04,7.940041899758766,9.995804969943501,5.017002821914772,5.8307222186208,12.0,8.8
2021-01-05,7.778863179259886,9.988942220191351,5.078003879974477,6.179350449494149,12.0,8.8
2021-01-06,7.854741529011311,10.10833831612877,5.015467691837616,7.31433355359347,12.0,8.8
2021-01-07,7.524386676447923,9.765685914073472,4.825986114098375,7.799662799259872,12.0,8.8
2021-01-08,7.361912462034512,9.830447382797898,4.692060131073438,8.034233289254951,12.0,8.8
2021-01-09,6.9160729060267405,9.6359332282803,4.285792594487345,9.078082211541048,12.0,8.8
2021-01-10,6.1655433731912295,8.577718144321183,3.587075606966258,11.932138175852598,12.0,8.8
2021-01-11,5.651995130308967,7.86558412343183,2.966860890867903,12.713207628495885,12.0,8.8
2021-01-12,5.948176674471283,8.289031372560917,2.9362512450252294,14.626134652862891,12.0,8.8
2021-01-13,6.018329521018111,8.468686446045519,2.9482756029769854,14.53298508622216,12.0,8.8
2021-01-14,6.101492637601793,8.919557650484387,2.991115141402291,14.03035519088907,12.0,8.8
2021-01-15,6.312275346025105,12.059138556500047,3.0659837919652437,13.74999299861672,12.0,8.8
2021-01-16,7.040508567570738,13.753278998631524,3.3119947424385154,13.552986708396746,12.0,8.8
2021-01-17,7.58950461994481,13.926218568629082,3.7382531563393746,11.383302523793919,12.0,8.8
2021-01-18,7.7947992596330336,14.030439859457472,4.03173983624971,11.207433190485034,12.0,8.8
2021-01-19,7.856327968445811,13.958178834672898,4.187789293910874,9.882663237277956,12.0,8.8
2021-01-20,8.181985183630104,14.056491966513716,4.257363567073095,9.492293035887995,12.0,8.8
2021-01-21,8.207429692949768,13.831119403869963,4.102932134399118,10.512260039815772,12.0,8.8
2021-01-22,7.899195514071034,10.591972345059341,3.9054528040487217,12.185095824244339,12.0,8.8
2021-01-23,7.290434165635657,8.667078138179976,3.7290664394153223,11.87507612894793,12.0,8.8
2021-01-24,6.804261654737076,7.994394041517956,3.4489026750661407,11.355744741011511,12.0,8.8
2021-01-25,6.485501688693818,7.449483063252901,3.1450595332674394,11.109860278607739,12.0,8.8
2021-01-26,6.179291974843446,6.785201792467009,2.949650307071586,10.55877565916155,12.0,8.8
2021-01-27,5.5959783310714935,6.374681557380441,2.7712235410749253,11.491571557631618,12.0,8.8
2021-01-28,5.2476781657674705,6.014239596390806,2.870908291513895,10.634395045738907,12.0,8.8
2021-01-29,5.124205854606779,6.387893609156955,2.9866773604857775,9.231795602295373,12.0,8.8
2021-01-30,5.29218820794304,7.499999966199338,2.9766910488884015,10.414461487267712,12.0,8.8
2021-01-31,5.587949420500682,8.637460323505183,3.012493463978228,11.24131539581831,12.0,8.8
2021-02-01,5.745437081185579,11.100231915851078,3.0287248429427778,13.71912033397597,12.0,8.8
2021-02-02,5.956045220129431,12.916017930969128,3.0909956609172835,14.544274483018262,12.0,8.8
2021-02-03,6.3902252498989975,13.437234896287004,3.09538494624351,14.61872974084398,12.0,8.8
2021-02-04,6.936318375754091,14.053595998950152,3.088356630488417,16.49151318572275,12.0,8.8
2021-02-05,7.534198321533881,15.507175444099024,3.0668744904777663,17.836913581184362,12.0,8.8
2021-02-06,7.825724489709906,16.5274323435699,3.019139792037762,19.627331466646318,12.0,8.8
2021-02-07,8.121023781716838,16.84552383362788,3.091586436722157,21.666022292219683,12.0,8.8
2021-02-08,8.552622305946416,15.358372521795559,3.1449897053341114,20.70043279663788,12.0,8.8
2021-02-09,8.987281321495908,16.792965971145396,3.2211964577849233,19.998896708556988,12.0,8.8
2021-02-10,9.441820981180566,17.742442176655658,3.4037656869168385,18.73119863246378,12.0,8.8
2021-02-11,9.724334038863093,22.252291319055953,3.537910783718381,18.468234458672562,12.0,8.8
2021-02-12,9.778529619232856,22.474837427097587,3.5120939919634573,18.688649376518786,12.0,8.8
2021-02-13,9.916931627554787,22.94189813751228,3.569882544195586,17.56113595994069,12.0,8.8
2021-02-14,10.022287119306787,26.46623446450567,3.602237933718757,15.484499701406879,12.0,8.8
2021-02-15,10.095144916480775,26.427960223482867,3.6288720565108106,13.898525618164525,12.0,8.8
2021-02-16,10.013187664898297,26.441219079115047,3.507263069015895,14.73956947067693,12.0,8.8
2021-02-17,9.590641944548276,25.267053954002964,3.333283592936826,15.271256070244094,12.0,8.8
2021-02-18,9.493747644969686,24.982186806890727,3.2303090605343576,15.208760890393036,12.0,8.8
2021-02-19,9.294941028192117,25.00618477225705,3.163276694760462,13.975914237704405,12.0,8.8
2021-02-20,9.040406746302386,23.072135201334692,3.0718299258349604,16.212741342743843,12.0,8.8
2021-02-21,8.75935648475498,19.50622380990718,2.9581941077049416,17.822187798690354,12.0,8.8
2021-02-22,8.456504277529138,19.85678686709044,2.8858543807913293,20.85503729914549,12.0,8.8
2021-02-23,8.181308072566805,19.229383906503653,2.789116819754841,23.449187787315246,12.0,8.8
2021-02-24,7.829501193034406,20.962011852482142,2.706147276017922,24.83813520734187,12.0,8.8
2021-02-25,7.2808676929479175,17.7821955397065,2.659699321641677,23.821077301772355,12.0,8.8
2021-02-26,6.967905323671429,16.933474366045377,2.6319309929141705,26.286140083979696,12.0,8.8
2021-02-27,6.433023020002048,17.53365139171364,2.5321551510344658,25.01196659819402,12.0,8.8
2021-02-28,6.0054092478888395,17.27034379636199,2.478235239688655,24.768373844096885,12.0,8.8
2021-03-01,5.420803937559187,17.16637290003547,2.294544599117163,21.571656409188588,12.0,8.8
2021-03-02,4.964475600843838,15.923332309038303,2.24929027166756,17.821277344653282,12.0,8.8
2021-03-03,4.850686918473756,15.880695885640629,2.20439617313855,15.618401432998018,12.0,8.8
2021-03-04,4.8915811628366175,15.98812691159969,2.1145925004719026,15.205861830031207,12.0,8.8
2021-03-05,4.833069456745186,15.853621047615288,2.007168475342833,12.040398949765718,12.0,8.8
2021-03-06,4.985981858446971,16.086793265702358,1.9831010809762581,9.539225932364403,12.0,8.8
2021-03-07,5.069642215160239,16.10005292398501,1.9509492005814288,7.220598398535789,12.0,8.8
2021-03-08,5.122913886604418,16.315208290700344,1.9013531812512556,7.269976088260817,12.0,8.8
2021-03-09,5.282129906758564,18.51108856956081,1.9233405174918343,7.60644709818933,12.0,8.8
2021-03-10,5.507180287978927,18.554409921985723,1.9704526340049484,8.15853257732129,12.0,8.8
2021-03-11,5.878107380270797,19.169594221654968,2.046173520946097,8.561752013513138,12.0,8.8
2021-03-12,6.221130692484202,19.216583143740674,2.3016607144497323,8.967995148609509,12.0,8.8
2021-03-13,6.030191489324555,18.77669803018342,2.3097402298719074,9.008026820545833,12.0,8.8
2021-03-14,5.868834868650739,19.192447928542784,2.3097781097617944,9.36051527599146,12.0,8.8
2021-03-15,5.910470256373102,19.047511718242504,2.455036666147424,9.560196529245076,12.0,8.8
2021-03-16,5.756670022462084,17.602721747803265,2.4619499900789843,9.678875596635667,12.0,8.8
2021-03-17,5.604053345968984,17.754950699495737,2.5006711948535605,9.712159621121144,12.0,8.8
2021-03-18,5.1529696993891765,17.052056772596224,2.488413219822198,9.509556020156747,12.0,8.8
2021-03-19,4.867947508595661,17.00402271383622,2.4549381015182137,9.211272822986512,12.0,8.8
2021-03-20,5.072049882167007,17.350625475574354,2.5360715134595133,9.21907331243051,12.0,8.8
2021-03-21,5.2993307419989,17.028368982067366,2.5652884455646903,9.420527525763854,12.0,8.8
2021-03-22,5.528819771452506,17.69182854324937,2.5823491425134186,10.330399329346816,12.0,8.8
2021-03-23,5.741509227198946,20.901289496510632,2.594566317258947,10.497040275524254,12.0,8.8
2021-03-24,5.833665913604321,19.546003444575042,2.604519779128094,10.7946079696114,12.0,8.8
2021-03-25,5.835523569136041,18.59867211012988,2.832676389134523,11.102988787917798,12.0,8.8
2021-03-26,5.605648936085502,18.28388571489069,2.910667111543571,11.340340349587391,12.0,8.8
2021-03-27,5.336432616186073,17.84083710131331,3.003587253042222,11.379304432031677,12.0,8.8
2021-03-28,5.933231407168099,17.65332790981019,4.04827245973968,11.229033536926792,12.0,8.8
2021-03-29,6.268721217392366,16.38704898881863,4.823760060586891,10.541441878656741,12.0,8.8
2021-03-30,6.615549433819234,11.773169548959853,5.5053424740417105,10.490402683241737,12.0,8.8
2021-03-31,6.838867273474484,11.942876134456057,6.439629067079942,10.350379451795439,12.0,8.8
2021-04-01,7.088986077413797,11.97007710442204,7.099963431727995,10.766602061825832,12.0,8.8
2021-04-02,7.42977055114189,11.877192168437094,7.348620200408594,11.538773230288442,12.0,8.8
2021-04-03,7.855696965160524,11.700990502607096,7.734926430449566,11.884315730238438,12.0,8.8
2021-04-04,7.800399156961654,11.611092096979943,7.627972830908265,11.884735856389282,12.0,8.8
2021-04-05,7.882085664123447,11.909720821948993,7.735416496877823,11.343043185437102,12.0,8.8
2021-04-06,7.791780760950166,11.90241037813232,7.61743335440443,10.493165481773227,12.0,8.8
2021-04-07,7.84522169787198,11.377623403347203,7.391594566284979,9.763580591014456,12.0,8.8
2021-04-08,7.6754213666590045,11.17018017944984,6.826985695382744,8.506675095849191,12.0,8.8
2021-04-09,7.630907094624912,10.85795556526107,6.8566327656895805,7.129252141602595,12.0,8.8
2021-04-10,7.606841247136383,10.712477825133563,6.8301217012526605,6.316116168740566,12.0,8.8
2021-04-11,7.311315810851065,10.351128332113825,6.641179762550984,6.136806756924144,12.0,8.8
2021-04-12,7.069024863782592,10.689999509590544,6.540310373448252,6.832752849735414,12.0,8.8
2021-04-13,6.726801388574678,10.763747801071148,6.267442391055212,7.487987670275783,12.0,8.8
2021-04-14,6.237877919924254,10.680531037974689,5.801663992986242,8.16908894886824,12.0,8.8
2021-04-15,6.118305240485293,10.639123522035215,6.058089473513233,8.688143300254167,12.0,8.8
2021-04-16,6.303804359364216,12.36731562970569,6.4589433520858375,9.348442860740082,12.0,8.8
2021-04-17,6.293467960716169,13.249775191459502,6.752408128402457,9.506868965621715,12.0,8.8
2021-04-18,6.085339055493817,13.85514094672298,6.765548363261908,9.17623170364445,12.0,8.8
2021-04-19,5.64750126223411,13.83943983029502,6.177098544182777,8.387085937330857,12.0,8.8
2021-04-20,5.3972153670266065,13.58681925616568,6.004735150175175,8.001986100296323,12.0,8.8
2021-04-21,5.2848911921993444,14.815901947282251,5.965005407220451,7.501907871025194,12.0,8.8
2021-04-22,5.217701158350372,14.511580453165537,5.794779994371945,7.094137305579921,12.0,8.8
2021-04-23,4.771562310053419,13.26873751328163,5.311055993016166,6.554074372208732,12.0,8.8
2021-04-24,4.369767262780142,12.174886833772375,4.726675902390363,6.406468874431175,12.0,8.8
2021-04-25,3.960458795279011,11.473101083799614,4.1152553908038145,6.360789992573693,12.0,8.8
2021-04-26,3.828146970265384,10.511407480647877,4.058778139465937,6.421764763805877,12.0,8.8
2021-04-27,3.841520492060803,10.147161673560777,4.084189866447011,6.40178422691788,12.0,8.8
2021-04-28,3.8195850889137124,8.745621101047195,3.9976171953652524,6.4827447772664195,12.0,8.8
2021-04-29,3.5962656653909404,8.722733296410443,3.693270861101501,6.763708441977129,12.0,8.8
2021-04-30,3.333515400475129,8.03181039807016,3.360425535530917,6.585163438739096,12.0,8.8
2021-05-01,3.206890693833297,8.043432684967582,3.2535012525991127,6.539666046408432,12.0,8.8
2021-05-02,3.1975984482099027,8.001090366881174,3.3470142421940077,6.822673410649314,12.0,8.8
2021-05-03,3.1819810219445097,8.142454963383852,3.4028140017095785,6.88948580996931,12.0,8.8
2021-05-04,3.2619931864464555,9.831914208619887,3.631199845050749,6.9235769926512205,12.0,8.8
2021-05-05,3.360361819155725,9.655078765053549,3.97557962343936,6.746873839531984,12.0,8.8
2021-05-06,3.4645978847257104,9.677883287947344,4.234527319093398,6.541508334535898,12.0,8.8
2021-05-07,3.6093608895319313,9.715592011415964,4.541645763170234,6.641450749349954,12.0,8.8
2021-05-08,3.730156304940375,9.631790021485804,4.875116128696281,6.626407732904488,12.0,8.8
2021-05-09,3.847779945128711,9.641873481354304,5.083713852420097,6.2976670878297485,12.0,8.8
2021-05-10,3.94565193510136,9.652657265521496,5.256191613222088,6.4750990593176,12.0,8.8
2021-05-11,3.930529506477144,8.084149836133923,5.264502437127448,6.8126490434229146,12.0,8.8
2021-05-12,3.9209819020483003,8.208645756979056,5.271649482984013,7.078975563622685,12.0,8.8
2021-05-13,3.9510082260889385,8.227279859788764,5.389593612854517,7.159281040677142,12.0,8.8
2021-05-14,4.034384686967093,8.245847777119206,5.491412015484395,7.749627897409054,12.0,8.8
2021-05-15,4.30146001310396,8.287411927088616,5.777498935560908,8.562851947256366,12.0,8.8
2021-05-16,4.431095246073058,8.368481325383307,5.937444023997126,9.498720250339417,12.0,8.8
2021-05-17,4.54319564697636,9.750824842168765,6.041192697519789,9.243056081127525,12.0,8.8
2021-05-18,4.590417752331848,11.237380154427537,6.032650279954914,8.902665801633523,12.0,8.8
2021-05-19,4.615693148176819,12.10594371478947,5.909070409152518,8.661953092579955,12.0,8.8
2021-05-20,4.365787756252166,12.428672948360457,5.464047179429812,8.008863821209127,12.0,8.8
2021-05-21,4.057361553594508,12.563970896497873,5.0350096716152,7.012153746788726,12.0,8.8
2021-05-22,3.565449424269751,12.49785631965008,4.368662304614859,5.726760837177289,12.0,8.8
2021-05-23,3.1884465285409953,12.94170514187756,3.8078214990516224,4.418464640213941,12.0,8.8
2021-05-24,2.851829823016432,11.421847503362816,3.3617091927218326,4.000169058381985,12.0,8.8
2021-05-25,2.578072891430447,9.768106225013701,3.033200475994359,3.3399414431058503,12.0,8.8
2021-05-26,2.323893385822362,8.751825283028333,2.7292811014982887,2.6860939508158994,12.0,8.8
2021-05-27,2.282651118133282,9.717533325285899,2.689210275577312,2.5395805909876588,12.0,8.8
2021-05-28,2.2377870777844455,9.34430414421882,2.656388152678737,2.688514258458699,12.0,8.8
2021-05-29,2.2113631758155794,9.302617407959712,2.6380824921846004,2.719723464378253,12.0,8.8
2021-05-30,2.171388843882094,8.612169938633055,2.61236120814551,2.6856587383075246,12.0,8.8
2021-05-31,2.1410220655680288,8.530490376091072,2.6238459968684373,2.548402550422458,12.0,8.8
2021-06-01,2.1123413130103654,8.363215829575308,2.6250468819860435,2.698481997042649,12.0,8.8
2021-06-02,2.087393532982145,8.232211219961602,2.634321944122599,2.879309160052671,12.0,8.8
2021-06-03,2.0635225909484447,6.668392747946592,2.6369382086103506,3.0865075894056813,12.0,8.8
2021-06-04,2.0422161440676723,6.617381707183656,2.6441266380656754,3.0179334065857524,12.0,8.8
2021-06-05,2.0280801132807245,6.4305314613008235,2.6617439754059444,3.0205402550925973,12.0,8.8
2021-06-06,2.029893206805396,6.29092615928085,2.6965356468201445,3.0415373405506854,12.0,8.8
2021-06-07,2.0372599798128337,6.227602864943106,2.7150203559870825,3.0890918985020503,12.0,8.8
2021-06-08,2.041577100490096,6.389799934265859,2.72758509940752,3.069516283206793,12.0,8.8
2021-06-09,2.0360784775261225,6.468598091466516,2.7266373531274697,2.8594227817974476,12.0,8.8
2021-06-10,2.027393610184694,6.378882523528227,2.7152209081638725,2.6185068615758413,12.0,8.8
2021-06-11,2.013730285943635,6.195378694625611,2.6740227676636485,2.3539341878516358,12.0,8.8
2021-06-12,1.9836342281428387,6.284087901863336,2.6484111947496127,2.186134264319431,12.0,8.8
2021-06-13,1.9572548171525646,6.308934850708113,2.6175756066677027,2.0152927152362676,12.0,8.8
2021-06-14,1.933241094185907,7.8129012486891725,2.589467757470542,1.8839843321919356,12.0,8.8
2021-06-15,1.9104712793887926,7.706543702153164,2.561693005095852,1.740637081918979,12.0,8.8
2021-06-16,1.8867548879885414,7.6361706380071634,2.5313392887605546,1.7936024391583847,12.0,8.8
2021-06-17,1.8717916380723103,7.821526270813851,2.5235855252381456,1.719388578786251,12.0,8.8
2021-06-18,1.8632126301849143,8.04860074792395,2.549592800077498,1.612914519961871,12.0,8.8
2021-06-19,1.8610330377343056,7.965849635080992,2.5515825929504605,1.5599165588584079,12.0,8.8
2021-06-20,1.861437691248222,7.906293284403364,2.566092835239652,1.5339332780081496,12.0,8.8
2021-06-21,1.855661579003182,6.389981288088436,2.5734557335228847,1.4565597700196071,12.0,8.8
2021-06-22,1.838573882292929,6.492018184476339,2.552731610009189,1.5100283827322112,12.0,8.8
2021-06-23,1.8236189437599417,6.402818979447472,2.529499681858827,1.6057088743763102,12.0,8.8
2021-06-24,1.798416747154199,6.4816094460962885,2.4928343937245274,1.7591864191250086,12.0,8.8
2021-06-25,1.7730036950000225,6.4544546676136685,2.4537071920432543,1.853434988343496,12.0,8.8
2021-06-26,1.7505340206533038,6.381304512594118,2.4168766203290155,1.9882556350878855,12.0,8.8
2021-06-27,1.7198957032636504,6.298671934951031,2.369718512823777,2.109809811212341,12.0,8.8
