,lend_rate,borrow_rate
2021-06-27,1.648433368229687,3.184003073001072
2021-06-26,1.678825708520101,3.208433528997433
2021-06-25,1.703638341158066,3.236240594547292
2021-06-24,1.700816012870669,3.245403007589914
2021-06-23,1.727961100964889,3.2658368954952293
2021-06-22,1.748324751401618,3.282141938845498
2021-06-21,1.831270639700383,3.355572043218341
2021-06-20,1.862901589957262,3.390555516846965
2021-06-19,1.836113428947131,3.393117985196981
2021-06-18,1.8815297062373002,3.4179984871988482
2021-06-17,1.87723138911087,3.389621764432253
2021-06-16,1.832645670695798,3.357249915025202
2021-06-15,1.86793862837339,3.387947022926927
2021-06-14,1.8717034254156641,3.389923969423136
2021-06-13,1.8600690153598491,3.369897497420461
2021-06-12,1.851370576101392,3.362369554512329
2021-06-11,1.941582761449073,3.427253715554397
2021-06-10,1.9819741385244862,3.477432047525518
2021-06-09,1.998660410497557,3.499798426437726
2021-06-08,2.027327331953189,3.5196509685840622
2021-06-07,2.039799486182266,3.545998755920331
2021-06-06,2.04472489229177,3.549466062294161
2021-06-05,2.062042980706964,3.550240089092383
2021-06-04,2.037226031136487,3.53512800358914
2021-06-03,2.042768209914487,3.532310847091456
2021-06-02,2.037150771245372,3.528753791933619
2021-06-01,1.9971074872123542,3.48142504591996
2021-05-31,1.9882320751302012,3.467651133370417
2021-05-30,2.03203323761907,3.525893933207673
2021-05-29,2.1609951962156,3.601219245449816
2021-05-28,2.186371159301893,3.641620578263304
2021-05-27,2.209864804150392,3.664207863869915
2021-05-26,2.211785231442909,3.658868850551368
2021-05-25,2.197872755116,3.639097551849537
2021-05-24,2.2007995233286533,3.608012573220811
2021-05-23,2.311853561153469,3.695472118909449
2021-05-22,2.345962509997664,3.734297722663553
2021-05-21,2.500419441743749,3.840551984845535
2021-05-20,2.498560677973953,3.8615802290992383
2021-05-19,3.9910417706995043,5.690909662075525
2021-05-18,4.114171276217895,5.855743255957389
2021-05-17,4.557116462000598,6.420340250563758
2021-05-16,4.950873831254761,6.960722117051176
2021-05-15,5.789347415270963,8.039779547135835
2021-05-14,4.659402860347357,6.552623597710332
2021-05-13,4.247898421446527,6.022462676484985
2021-05-12,3.814113999784706,5.467004261520626
2021-05-11,3.78361653872948,5.428561653621088
2021-05-10,3.772413655677485,5.416315835149751
2021-05-09,4.043427200471071,5.762894223432451
2021-05-08,3.919820132312902,5.601142328269216
2021-05-07,4.075767634200271,5.822936982870056
2021-05-06,4.037714153162058,5.811043778457912
2021-05-05,3.880947230786614,5.565162675163611
2021-05-04,3.88947353909899,5.612798550903498
2021-05-03,3.08730972586894,4.585477021717988
2021-05-02,3.220061719152719,4.748051510509027
2021-05-01,3.074252224453798,4.585352384026868
2021-04-30,3.062426600556726,4.593525932271584
2021-04-29,3.308061694172161,4.927492950297108
2021-04-28,3.192366801821723,4.771617576460459
2021-04-27,3.329388387585373,4.904727221626499
2021-04-26,3.19663170972669,4.720578429471727
2021-04-25,3.285107438516481,4.835976406355229
2021-04-24,3.960625170946621,5.690372969715066
2021-04-23,4.901678454967405,6.87778679779735
2021-04-22,4.871297658831566,6.850331920531268
2021-04-21,3.345914623851358,5.010775829062533
2021-04-20,3.235773735017438,4.9048425439215855
2021-04-19,4.122814484822084,5.995083647633654
2021-04-18,6.150266711024396,8.390822571842126
2021-04-17,6.7731905018595615,9.164767794048267
2021-04-16,8.024650393046072,10.730114095952864
2021-04-15,5.34162789577437,7.37992253700454
2021-04-14,4.132183847642193,5.9062741522650075
2021-04-13,4.987775001469964,7.041398868882499
2021-04-12,7.187679037640032,9.796865527918879
2021-04-11,7.607169047580857,10.319688482641485
2021-04-10,6.845545292395888,9.382364477434875
2021-04-09,6.726156560893616,9.23942365075742
2021-04-08,6.178636651847098,8.467435127352413
2021-04-07,7.554648128195164,10.045666948241488
2021-04-06,7.383339327925358,9.813521541527683
2021-04-05,8.88371566711935,11.616836495730773
2021-04-04,9.675847101578078,12.550268093893775
2021-04-03,7.014006224815593,9.599876580853774
2021-04-02,7.037756465132257,9.625663978991092
2021-04-01,7.367238970337928,9.988991932787153
2021-03-31,7.180561569742455,9.765503742886368
2021-03-30,8.015473650138327,10.75392036462929
2021-03-29,8.311910116986791,11.119712342466384
2021-03-28,10.062931758970164,13.034228854116003
2021-03-27,4.032521326685159,5.851115305578813
2021-03-26,4.652265149035615,6.651643062373404
2021-03-25,5.616407342762738,7.8868066402141634
2021-03-24,5.61733669215571,7.945165600751118
2021-03-23,5.5876761351502395,7.918322541313017
2021-03-22,5.9634814454169245,8.397690964923754
2021-03-21,5.885340222095983,8.295829394760885
2021-03-20,5.917035565981163,8.320719036508974
2021-03-19,6.26138758038938,8.603527546619464
2021-03-18,5.603403754040706,7.8198119024126544
2021-03-17,4.972239887318085,7.038803299085424
2021-03-16,4.098849944925164,5.97054312805254
2021-03-15,4.357058239241681,6.340167384448707
2021-03-14,4.2943742032727314,6.41275251027012
2021-03-13,4.488318950981738,6.673745280720847
2021-03-12,8.256542915943996,11.071514166897463
2021-03-11,8.760989280099354,11.65618836114247
2021-03-10,6.040556622769794,8.388136598450686
2021-03-09,5.175451582302289,7.302117707847691
2021-03-08,4.065610525185137,5.878782922096116
2021-03-07,5.4238705479894485,7.752368094396775
2021-03-06,5.8248933730992665,8.25892227676858
2021-03-05,5.855379730450157,8.30036525854458
2021-03-04,6.164499634056262,8.663548218649744
2021-03-03,4.465203954227249,6.5399065532212965
2021-03-02,4.060939441223268,6.057856053595369
2021-03-01,3.692708825075883,5.567668383211074
2021-02-28,4.838248050996572,7.063514847150401
2021-02-27,4.754506561186766,6.961615457896534
2021-02-26,6.264961673090183,8.808065861230176
2021-02-25,5.878239923516234,8.332389400596583
2021-02-24,5.261724730817817,7.580152806868889
2021-02-23,7.255237798230719,10.052132412487994
2021-02-22,7.784945997383445,10.691709294902244
2021-02-21,7.831544455789046,10.751865921655627
2021-02-20,8.498682686872428,11.463137297519252
2021-02-19,8.455698258025608,11.449770312878846
2021-02-18,9.718674424121652,12.872225015345807
2021-02-17,7.724372887544612,10.714094641610787
2021-02-16,9.181611232967049,12.41355213666179
2021-02-15,9.904911447964349,13.278838735846877
2021-02-14,9.798896286620893,13.161430296983674
2021-02-13,10.28042266010054,13.694122904279626
2021-02-12,9.847344575468574,13.247609361609133
2021-02-11,10.39693452117179,13.837671620785724
2021-02-10,10.682192929994773,14.172919284368628
2021-02-09,9.755311994044389,13.038737532623282
2021-02-08,9.394906867746442,12.66258240429082
2021-02-07,9.061407844356879,12.24429596527932
2021-02-06,9.31160860184703,12.534357310308176
2021-02-05,9.467975512880239,12.572378356796763
2021-02-04,8.419343117394085,11.339421765099502
2021-02-03,7.5004153122021755,10.254902850606536
2021-02-02,6.712698885197933,9.36980838000124
2021-02-01,6.373717198139394,8.948379418233769
2021-01-31,6.994312800308367,9.660826894794715
2021-01-30,7.270925424614859,9.961527084973069
2021-01-29,5.282815892421702,7.5244062786125685
2021-01-28,4.5966912364084305,6.661864842404598
2021-01-27,4.461155103815201,6.456281382014838
2021-01-26,5.238441912590971,7.456851347008829
2021-01-25,5.2713035733451115,7.499807208731024
2021-01-24,4.923984312404867,7.063655738171719
2021-01-23,6.095048951261033,8.478442349689498
2021-01-22,6.147122070546543,8.513244413188799
2021-01-21,7.034792393536594,9.665251475046425
2021-01-20,8.54435061021887,11.448754607048562
2021-01-19,7.381909909543575,10.10585929881001
2021-01-18,7.502623335647915,10.201904645868359
2021-01-17,8.327191888694937,11.239111644669656
2021-01-16,10.356378390308683,13.57421738404614
2021-01-15,8.304761322697676,11.402885790223939
2021-01-14,6.856680828298945,9.518192701991284
2021-01-13,6.264750103928821,8.606633942913687
2021-01-12,6.951208947854138,9.24757735556465
2021-01-11,6.065560857830346,8.443815700819828
2021-01-10,4.484219522076437,6.457619602130751
2021-01-09,5.258745839489258,7.346744106075422
2021-01-08,6.829282363734496,9.359503741952746
2021-01-07,6.274539012213172,8.697809057880256
2021-01-06,5.773680178101023,8.018312939743138
2021-01-05,4.8779381387179175,6.805218509127536
2021-01-04,9.660398558006193,12.606726064572044
2021-01-03,9.737926251925012,12.672053995356048
2021-01-02,8.379622731543662,11.349507211040551
2021-01-01,7.96660186462837,10.815748295320478
2020-12-31,8.58702298015689,11.463103942531772
2020-12-30,5.242531729841057,7.379443592918196
2020-12-29,6.006189182210072,8.295978929426935
2020-12-28,5.976801508780818,8.309395678155589
2020-12-27,4.63976765859759,6.557028636841539
2020-12-26,4.4355364301796545,6.31606029544086
2020-12-25,5.290303484324925,7.399767200470674
2020-12-24,4.462273282905951,6.311455062598981
2020-12-23,4.427853736065838,6.238999738246607
2020-12-22,4.190293318104774,5.951973319227421
2020-12-21,4.645083048983943,6.5320630522631475
2020-12-20,3.8528480775748903,5.492424195399228
2020-12-19,4.073329402187709,5.8306526934662894
2020-12-18,3.9076025963604533,5.601459510749826
2020-12-17,3.04079570630895,4.544315958437225
2020-12-16,2.938090448161524,4.439123405489139
2020-12-15,2.795868786171948,4.227472034998874
2020-12-14,2.7147288969476353,4.115260059984659
2020-12-13,2.62503774774195,4.011925236183726
2020-12-12,2.856802795575735,4.01586077456939
2020-12-11,2.8546322173178513,4.017379815087872
2020-12-10,2.855134359350896,4.021240590634584
2020-12-09,2.921831935348772,4.062491974729592
2020-12-08,3.029276907977209,4.191992548246337
2020-12-07,2.970373487805648,4.112079154027954
2020-12-06,3.235590373375296,4.428374220204808
2020-12-05,3.053602019764215,4.183448738509492
2020-12-04,3.347860256450549,4.559121091887069
2020-12-03,3.740935880750058,5.048905259603931
2020-12-02,3.17416920525713,4.432319627291807
2020-12-01,3.126303570710063,4.366118790783917
2020-11-30,2.889656508904876,4.105812028034756
2020-11-29,2.841294434517987,4.060679080997927
2020-11-28,2.782468766217017,3.981083343066393
2020-11-27,2.7401533086766223,3.956389575627456
2020-11-26,3.644381323175053,4.9243200168805075
2020-11-25,3.953315529574826,5.31003355195071
2020-11-24,3.745041616193664,5.043121521483722
2020-11-23,3.644341646941749,4.908732528742091
2020-11-22,3.905253942513505,5.246324684662302
2020-11-21,3.503941844159192,4.738791997799377
2020-11-20,3.537550801135853,4.783103866083686
2020-11-19,3.042051735647756,4.19636612941663
2020-11-18,2.907446889562669,4.055380370959185
2020-11-17,2.868621978167699,4.021235648669653
2020-11-16,2.874260991019121,4.025941112107859
2020-11-15,2.882214892772118,4.037036908938945
2020-11-14,2.902698149522908,4.07558865662979
2020-11-13,3.080705142739071,4.321651448164475
2020-11-12,2.801764257256811,3.997264505574097
2020-11-11,2.794179498819965,3.983403492996013
2020-11-10,2.805165195592232,3.985481173170556
2020-11-09,3.046126789981712,4.21023527533083
2020-11-08,3.4647489386263253,4.744627236328674
2020-11-07,2.88740297205221,4.07676330560099
2020-11-06,2.88517111023546,4.058840844013845
2020-11-05,2.911422552720741,4.088343740486552
2020-11-04,2.876418117763512,4.051952786825875
2020-11-03,2.923665012401877,4.089657804190983
2020-11-02,3.136728828708662,4.319142885606857
2020-11-01,2.997337515915036,4.121243863368342
2020-10-31,2.97211083212256,4.120921109352207
2020-10-30,2.986088406260783,4.120468743480581
2020-10-29,2.915611523606552,4.089977526422217
2020-10-28,2.8763170595375103,4.07549391309623
2020-10-27,2.820304695009252,4.041101891760875
2020-10-26,2.718379277613637,3.9386911164597143
2020-10-25,2.673604750814042,3.9096734467068472
2020-10-24,2.7586856202874372,4.046287562038059
2020-10-23,2.6767053137146393,3.921076145433042
2020-10-22,2.684417047842262,3.937171723168262
2020-10-21,2.78360424936159,4.129871211671742
2020-10-20,2.601115222571824,3.876239777587746
2020-10-19,2.582950825750885,3.863146973288554
2020-10-18,2.5970312746603623,3.89702131243037
2020-10-17,2.646357810479371,3.95406797796037
2020-10-16,2.597748170244367,3.877344937282489
2020-10-15,2.577219026066491,3.8588974183413143
2020-10-14,2.564151537312668,3.853055826765468
2020-10-13,2.626528333986179,3.885185196848465
2020-10-12,2.620687472039413,3.878613997836063
2020-10-11,2.611628886856232,3.86898648156132
2020-10-10,2.589562698170972,3.846861944965503
2020-10-09,2.5894328426923483,3.827269257512746
2020-10-08,2.625842697409492,3.8610301658313073
2020-10-07,2.611795648671776,3.847746123550594
2020-10-06,2.624342947761887,3.863988125142405
2020-10-05,2.613721074576885,3.84783115860487
2020-10-04,2.614926859024173,3.846966624712744
2020-10-03,2.63218903620896,3.864744857229018
2020-10-02,2.613598107784213,3.853977366189961
2020-10-01,2.577020764722696,3.830328006998748
2020-09-30,2.585528248728134,3.840331337519973
2020-09-29,2.569089839936982,3.8432306934397813
2020-09-28,2.564249895931498,3.836533997297556
2020-09-27,2.533669102714271,3.8128561956603493
2020-09-26,2.525929412661635,3.8267030163403972
2020-09-25,2.5369106992646593,3.82169726375346
2020-09-24,2.55469673028158,3.8409197055442372
2020-09-23,2.588206327102209,3.872981365332488
2020-09-22,2.584611152769042,3.866972044889221
2020-09-21,2.680579424448601,4.193316866239922
2020-09-20,2.786021038088376,4.318987851634664
2020-09-19,2.807004570701865,4.366080852187888
2020-09-18,3.105605580970395,4.9555335582000435
2020-09-17,3.11584344867916,5.06010074981714
2020-09-16,6.151375301806801,8.613931534794679
2020-09-15,5.947778114573897,8.504771700270698
2020-09-14,2.9261451750208,4.776893698755334
2020-09-13,2.91535713232678,4.740518692421642
2020-09-12,3.316327791910378,5.130362735999292
2020-09-11,3.086472687289664,4.802730006534912
2020-09-10,2.728351244998269,4.442551623617397
2020-09-09,2.942717053195664,4.672363750339967
2020-09-08,2.816673859298481,4.631614245225693
2020-09-07,2.871726169771192,4.696052249916246
2020-09-06,2.769189270373867,4.534701100729413
2020-09-05,2.806943342780222,4.66964977873096
2020-09-04,2.695074135155724,4.563872925886845
2020-09-03,3.553215763040469,5.525005549531956
2020-09-02,3.319067343983476,5.182116931743332
2020-09-01,2.8954547934079233,4.711068423530174
2020-08-31,2.889312025691756,4.653430999172722
2020-08-30,2.8806393816814992,4.549706029380391
2020-08-29,2.893238538728509,4.537386182142242
2020-08-28,2.924729560363675,4.530798517924574
2020-08-27,2.830663777325711,4.470356647875002
2020-08-26,2.867593192496089,4.447884167946263
2020-08-25,3.923533389080559,5.766707722565078
2020-08-24,2.824292040060401,4.468234094999606
2020-08-23,2.841236246280289,4.458298603583033
2020-08-22,2.861659858908207,4.473959594136658
2020-08-21,2.8743841395796013,4.511588281270164
2020-08-20,3.092554166733417,4.6793659597560495
2020-08-19,3.163648583145832,4.750583296018038
2020-08-18,3.212894938078207,4.788622215119921
2020-08-17,3.346526941336241,4.946044273792373
2020-08-16,3.571246604957734,5.110638681898759
2020-08-15,3.191920964222221,4.9374918238486805
2020-08-14,4.608340259553783,6.3521967325430655
2020-08-13,3.704077526539223,5.255333215968378
2020-08-12,3.303794190938236,4.752723586977936
2020-08-11,2.911665244127351,4.306577502766779
2020-08-10,3.6228924874872233,5.205182620338073
2020-08-09,3.635966703448533,5.246017355768225
2020-08-08,3.277901695868645,4.807749086236225
2020-08-07,4.505854856617,6.320325896548601
2020-08-06,3.310698782919035,4.841826208359504
2020-08-05,3.085515041260193,4.570812711748863
2020-08-04,2.9097954202825713,4.344810166398295
2020-08-03,5.166235870269461,7.179825330587496
2020-08-02,6.108559524434082,8.314578893691486
2020-08-01,3.988612157934858,5.761711754975892
2020-07-31,7.014431034351527,9.277442667569996
2020-07-30,8.343470175039881,10.73626212697148
2020-07-29,8.849592552308145,11.261626757969308
2020-07-28,1.532435765035423,2.287528115216205
2020-07-27,1.538540574436098,2.38387661102349
2020-07-26,1.6883285427141361,2.96775294138322
2020-07-25,4.663796356144785,5.926096597469892
2020-07-24,6.160539484970033,7.606234812304303
2020-07-23,6.419322832393153,8.008531408915236
2020-07-22,5.58458275061494,7.121570565784382
2020-07-21,4.785293381332382,6.22123215972697
2020-07-20,3.20673176700317,4.52555095191377
2020-07-19,1.6892782034820621,2.7635227253671033
2020-07-18,1.671720002329005,2.69670621199739
2020-07-17,2.143494815697059,3.349054432212504
2020-07-16,2.067275971637835,3.269379462405984
2020-07-15,2.202931459849602,3.426651435181933
2020-07-14,2.415798206078271,3.6882087592263932
2020-07-13,2.799515414001712,4.129496693606937
2020-07-12,1.9209617555089982,3.166319408375298
2020-07-11,2.433167675890662,3.749341981922384
2020-07-10,2.626511852857732,3.992198755630752
2020-07-09,2.052268622227375,3.425293143444588
2020-07-08,2.089946922213949,3.491715729922022
2020-07-07,2.823145312816301,4.539269928030457
2020-07-06,2.582015208434402,4.374067018730674
2020-07-05,2.625176356766091,4.455191688874776
2020-07-04,3.0641708994019,5.050926610720268
2020-07-03,5.175410543031297,7.899408335978766
2020-07-02,10.7134021458538,26.281393432988065
2020-07-01,10.862022160320842,26.661882971536656
2020-06-30,10.882142060808338,26.992836834988157
2020-06-29,10.646129997835793,26.588324245914823
2020-06-28,9.970513933122948,25.398424578227665
2020-06-27,18.63302126646707,25.573579583677866
2020-06-26,18.09028055416673,25.109864583051888
2020-06-25,17.36838386458317,24.521076158821867
2020-06-24,17.850658015155254,25.11192038706314
2020-06-23,17.722022829159737,24.69930831268284
2020-06-22,14.80941037523854,22.197462047096735
2020-06-21,9.966595769914907,16.444127070322814
2020-06-20,9.730368090872673,14.83219427231423
2020-06-19,9.713052482850033,14.621724405633044
2020-06-18,0.12154802494293501,0.476159650786701
2020-06-17,0.218994456433579,0.719233285598319
2020-06-16,0.49704643456770903,1.477146817070953
2020-06-15,1.162228252077539,2.7747408905798743
2020-06-14,1.204214098808371,2.721211839814606
2020-06-13,0.969597486085048,2.735269091128924
2020-06-12,1.061132772627593,2.7953916160576933
2020-06-11,1.2040109443495821,3.163957892275019
2020-06-10,1.237666819180568,3.142580375928393
2020-06-09,1.188305583542683,3.059412642199583
2020-06-08,0.8297112841676381,2.699035580071222
2020-06-07,0.8303258732867871,2.690977801316246
2020-06-06,0.783933492355778,2.545331950483865
2020-06-05,0.8470295081391781,2.71733485879136
2020-06-04,0.9287611568780431,2.8030279929312583
2020-06-03,1.355597577974748,3.174598107903369
2020-06-02,1.206338553297514,3.154044503579764
2020-06-01,1.242230598270727,3.184756041836857
2020-05-31,1.232282833689583,3.289376182761554
2020-05-30,1.245363538970492,3.341394975702155
2020-05-29,1.141424633193723,3.173678578332707
2020-05-28,0.982919357314007,2.981303616228046
2020-05-27,0.9021010290377101,2.866497135728531
2020-05-26,1.05464681432279,2.996962460451239
2020-05-25,1.038035927792154,2.988882113047076
2020-05-24,0.8259469754970841,2.695514505361352
2020-05-23,0.7589461550280671,2.629317119087352
2020-05-22,0.844135248975259,2.588733122228084
2020-05-21,0.9047271622929891,2.5877845316835
2020-05-20,0.9021516584138131,2.590329745041013
2020-05-19,0.9700294072969191,2.614619192544607
2020-05-18,0.8543349592340901,2.5151867465681432
2020-05-17,0.8405339689197051,2.5822480944082358
2020-05-16,0.8845974298707261,2.661620205502339
2020-05-15,0.8373231249169041,2.529714472047477
2020-05-14,0.7860424277543651,2.460993904162322
2020-05-13,0.8157784792174521,2.527747946444031
2020-05-12,0.9091543564372211,2.824644698159601
2020-05-11,1.4142945213798082,3.3318245429910123
2020-05-10,1.196605981086791,3.232277597399888
2020-05-09,1.042949607204649,2.963057472363046
2020-05-08,0.9292236250169551,2.630580561432032
2020-05-07,0.8957210603212691,2.634469724520332
2020-05-06,0.8541433799600091,2.53866849212788
2020-05-05,0.8438721087595561,2.440808066890435
2020-05-04,0.834948327624619,2.337811203172625
2020-05-03,0.8302330453773261,2.302766931868274
2020-05-02,3.146959411312978,4.302501664654138
2020-05-01,2.5569306919839763,3.582491151614263
2020-04-30,0.950892153990967,1.84668569408826
2020-04-29,1.684486710866899,2.646120985074496
2020-04-28,1.7703298174542752,2.744526201723147
2020-04-27,1.336338983299296,2.027538630362273
2020-04-26,1.9954251236813731,3.006924123762499
2020-04-25,1.541097997495451,2.468147699685177
2020-04-24,2.064209956558095,3.096077817195766
2020-04-23,2.576180871166438,3.6445567648656843
2020-04-22,4.386769568201226,5.551493806817133
2020-04-21,9.874603251626269,11.117928171492288
2020-04-20,2.173836205917863,3.144609708870811
2020-04-19,2.757222518515002,3.7718002215413
2020-04-18,0.46515727216134906,1.1732588691328791
2020-04-17,0.44967467126368904,1.17743699755944
2020-04-16,0.45524994649264006,1.209114004247213
2020-04-15,0.44002210164104805,1.190599481117996
2020-04-14,0.42939471092830905,1.185581331391939
2020-04-13,0.432472662325578,1.205666874689353
2020-04-12,0.432709269408223,1.158436217960303
2020-04-11,0.42053384044540704,1.172352367533917
2020-04-10,0.397291704677583,1.152812234010609
2020-04-09,0.386101666421559,1.152259700577809
2020-04-08,0.358196397311669,1.158993444959783
2020-04-07,0.28310961307224003,1.267336501305543
2020-04-06,1.616111790218243,4.070945484030902
2020-04-05,1.651886667599751,4.075185265814234
2020-04-04,1.707980553260335,4.077282474949428
2020-04-03,1.7919559859720882,4.078626027174478
2020-04-02,1.784070267589803,4.072940142758965
2020-04-01,1.842898828717167,4.087227814186298
2020-03-31,1.905485990523264,4.078357102974569
2020-03-30,1.904213045428278,4.074917277168553
2020-03-29,1.887330340793756,4.071898237634505
2020-03-28,1.8893848421242052,4.083928617061127
2020-03-27,1.8607541367121212,4.073882505120988
2020-03-26,2.343715688709096,4.078226694269116
2020-03-25,2.389411979581373,4.073622374261848
2020-03-24,2.375005235715169,4.087548651133936
2020-03-23,2.7162905134531883,4.086515649909245
2020-03-22,2.354267143433759,3.9811720448757173
2020-03-21,3.103134806326442,4.342781648318307
2020-03-20,3.419172470248906,4.689376024756436
2020-03-19,3.741423731032333,5.023754097273599
2020-03-18,6.109947748007356,7.537835858056103
2020-03-17,9.110246864160038,10.710337807865729
2020-03-16,3.144263229804605,4.396434067614061
2020-03-15,7.329867933753066,9.09833405105871
2020-03-14,7.406742997479771,8.997210249709658
2020-03-13,13.835486609812822,15.86690742942437
2020-03-12,5.899710292796992,7.604860829451464
2020-03-11,5.990652013404224,7.734818532411278
2020-03-10,6.237466440785045,8.185183909791515
2020-03-09,5.968232880778674,7.895776971908592
2020-03-08,5.952909928403431,7.795807265634576
2020-03-07,5.943804556014375,7.7851016428914175
2020-03-06,6.391573047762686,8.337655086184135
2020-03-05,6.158614312797163,8.161366264192992
2020-03-04,6.125262385647275,8.120977518415842
2020-03-03,6.195015789840093,8.151183501746203
2020-03-02,6.04633986389539,8.006707863373641
2020-03-01,6.03484852554784,7.984384731197807
2020-02-29,6.020876372764089,7.988159918589944
2020-02-28,6.034471327137856,8.021941537815731
2020-02-27,6.135613903886271,8.10782538693412
2020-02-26,6.200151319683007,8.135409057958764
2020-02-25,6.295791742895015,8.189770804106006
2020-02-24,6.202321838214094,8.123341626479549
2020-02-23,6.5012371256009125,8.387329282684655
2020-02-22,6.470153667247591,8.361988564023413
2020-02-21,6.222489440777251,8.150109611541003
2020-02-20,6.080764561152405,8.00570102910709
2020-02-19,5.987190733524457,8.00102646719546
2020-02-18,6.020931660976307,8.147838041559831
2020-02-17,6.179915374415052,8.293425989465403
2020-02-16,6.409509360457235,8.710722981197836
2020-02-15,6.002873044202514,8.159232439415065
2020-02-14,5.975102470607361,8.158364378494378
2020-02-13,6.03103424421987,8.183458914332391
2020-02-12,5.907530319644604,8.08096647099336
2020-02-11,5.907584263000931,8.133880405885169
2020-02-10,5.82726054593955,8.086962113978466
2020-02-09,6.366259046757887,8.653356947863603
2020-02-08,6.383032957159825,8.669435680026085
2020-02-07,6.32282020717901,8.552669497519918
2020-02-06,6.22704158232609,8.474483263204261
2020-02-05,6.097066173234768,8.397796845706596
2020-02-04,5.591727599799716,7.866536648320073
2020-02-03,5.520466437733024,7.909339343149195
2020-02-02,5.555349340405905,7.979321525049399
2020-02-01,5.685843060414051,8.095457654875217
2020-01-31,5.669239056262978,8.107114181151749
2020-01-30,5.5667878492183345,7.999040930047978
2020-01-29,5.326022798970103,7.664260711701761
2020-01-28,5.168588195620499,7.5707530340820774
2020-01-27,5.154950641244663,7.557491658934881
2020-01-26,4.376553855763418,6.726797010394448
2020-01-25,4.363202661584856,6.71090694246849
2020-01-24,4.332120987645777,6.714719213810316
2020-01-23,4.99480315545729,8.131992149215154
2020-01-22,4.953040063258487,8.097430945063946
2020-01-21,5.4502387432590425,8.617398346681691
2020-01-20,4.772602278563883,7.915476417037917
2020-01-19,4.834824903605172,7.983169850529794
2020-01-18,4.671611618608045,7.800574971047828
2020-01-17,4.808382184426295,7.9928170749226215
2020-01-16,4.946746160385849,8.181700086711169
2020-01-15,5.007742116995363,8.385331963250941
2020-01-14,4.8720542396013,8.44147209718193
2020-01-13,4.836251111580075,8.408434028704342
2020-01-12,4.841660803610653,8.423648351884166
2020-01-11,4.854137144111499,8.4482634609053
2020-01-10,4.552523484298423,8.075267889393379
2020-01-09,4.571419095617177,8.095663575995918
2020-01-08,3.651708898491468,7.08933661237372
2020-01-07,3.668340241377776,7.114513486433033
2020-01-06,3.6206643153023643,7.104829554616396
2020-01-05,3.633686998148943,7.12862812987637
2020-01-04,3.611285221185206,7.117420478243154
2020-01-03,3.621254842155862,7.191679976072548
2020-01-02,3.615845285484178,7.186259291542371
2020-01-01,3.754509457759603,7.376879597204453
2019-12-31,3.7476229132551353,7.392798149101851
2019-12-30,3.521631963574812,7.145376898395766
2019-12-29,3.437708106969942,7.057355300337401
2019-12-28,3.440460371916209,7.086559166196061
2019-12-27,3.38529708777003,6.940751876579454
2019-12-26,3.374874156493364,7.013642537360099
2019-12-25,3.39283423633574,7.047374105447205
2019-12-24,3.377809772770445,7.059649705773395
2019-12-23,3.380681621738168,7.025681346474906
2019-12-22,3.417414452794204,7.076180374895335
2019-12-21,3.319963163688371,6.925963667510974
2019-12-20,2.638835413337379,6.646275153410058
2019-12-19,2.663947928319301,6.6998166828275885
2019-12-18,2.533709421833901,6.658274018635394
2019-12-17,2.589285870403318,6.705450765742502
2019-12-16,2.759158290768249,6.976795956723962
2019-12-15,2.7328771842061332,6.947996737028746
2019-12-14,2.763921384022184,6.999783758887347
2019-12-13,2.7851937252373853,7.017074926232603
2019-12-12,2.6960467830098063,6.995766196826544
2019-12-11,2.808458513111269,7.17924949216714
2019-12-10,2.791018829862746,7.216650744451098
2019-12-09,3.101450625444913,7.340201765842742
2019-12-08,3.095821918245521,7.363749869259053
2019-12-07,3.266331126679108,7.767234442660072
2019-12-06,3.293731132470387,7.752403718214589
2019-12-05,3.281507468187464,7.918984215765083
2019-12-04,3.27221581448659,8.016298166071648
2019-12-03,3.922292144202207,9.091457544215638
2019-12-02,4.155622494802677,9.597368011086747
2019-12-01,4.102092170248612,9.572204063238894
2019-11-30,4.255614625699796,9.712552472518333
2019-11-29,4.245199649589275,9.718789088176392
2019-11-28,4.273822164635842,9.791262857838332
2019-11-27,4.080722906802449,9.591375909627525
2019-11-26,4.184607323035139,9.704307732581245
2019-11-25,4.213683862364093,9.736326806978333
2019-11-24,4.429777353948813,9.942338804150399
2019-11-23,4.5528760322663935,10.014616245608606
2019-11-22,4.765590334696686,10.21836214437036
2019-11-21,4.866955314574588,10.28593411877812
2019-11-20,5.075959667417403,10.442342484181882
2019-11-19,5.147667403080283,10.491788391496058
2019-11-18,4.9511252549653815,10.334979024990822
2019-11-17,4.9393714335791365,10.32847614300782
2019-11-16,4.834910822587604,10.237855770394736
2019-11-15,4.632147997296969,10.092588401332002
2019-11-14,4.632625549995375,10.098063481860562
2019-11-13,4.020355756647731,9.622981732469588
2019-11-12,4.035131523045326,9.63849271257271
2019-11-11,4.023278951341441,9.60459241088889
2019-11-10,4.019456271973747,9.6094582746699
2019-11-09,3.969720343140875,9.57415225608897
2019-11-08,4.063716084268246,9.640976307858173
2019-11-07,3.840546270718193,9.410764034178804
2019-11-06,3.986592731934133,9.555910891629017
2019-11-05,4.2936103462773865,9.798559472763722
2019-11-04,5.221130945865778,10.533040346563146
2019-11-03,5.273511373970398,10.580348150881695
2019-11-02,5.34854675523027,10.660095276205524
2019-11-01,5.277294437334819,10.62273714918891
2019-10-31,5.196759380203712,10.564398892218177
2019-10-30,5.074394108318816,10.485419633694187
2019-10-29,5.277806285589732,10.645004096051254
2019-10-28,5.375331316747489,10.711411946531967
2019-10-27,5.506681688298832,10.856585768849214
2019-10-26,5.45397672723351,10.618264201162301
2019-10-25,5.505891866800914,10.73932711671752
2019-10-24,5.921947689129734,11.154341730014254
2019-10-23,6.122252748894168,11.310071161158012
2019-10-22,5.87395843514984,11.038976706424132
2019-10-21,5.95711153129851,11.110130344763492
2019-10-20,5.924262397429688,11.097943747460663
2019-10-19,5.992553473208084,11.164538481857134
2019-10-18,6.04588978975054,11.205845642929782
2019-10-17,6.03299936492602,11.178214642007045
2019-10-16,6.081629944438773,11.241920391886188
2019-10-15,6.0696506756753,11.19747665873886
2019-10-14,5.972374299887963,11.13102020232236
2019-10-13,5.923139832475975,11.130148655470606
2019-10-12,5.975656557117461,11.17991877390138
2019-10-11,5.876707518395106,11.081236592309061
2019-10-10,6.119734406345561,11.243159120066576
2019-10-09,6.374541130623374,11.532711427809051
2019-10-08,6.91316873923031,11.994998065027529
2019-10-07,6.665696275654023,11.717470367886396
2019-10-06,6.647284218670831,11.666267723644456
2019-10-05,6.594315750603318,11.614803346016746
2019-10-04,6.743793362906718,11.73575099822479
2019-10-03,6.695077768451206,11.711002303136983
2019-10-02,6.615580393563043,11.58813854160379
2019-10-01,6.778265661624008,11.77932422451292
2019-09-30,6.529517296996831,11.51203598801694
2019-09-29,6.6520711728832485,11.685498820941838
2019-09-28,6.757426368841193,11.705824963835179
2019-09-27,7.290821992153704,12.166268644208499
2019-09-26,7.016805600469688,12.003026157893954
2019-09-25,7.007418398040442,12.033672750458626
2019-09-24,6.363521045062467,11.512148545691842
2019-09-23,6.354381004909866,11.537602258320018
2019-09-22,6.321135104814173,11.508422559756768
2019-09-21,6.220764051628033,11.389103809328223
2019-09-20,6.404568543029492,11.583475371639034
2019-09-19,6.307027597823065,11.494662329218773
2019-09-18,6.092235833954731,11.252188405940883
2019-09-17,6.079378122294892,11.272643399167789
2019-09-16,5.940202577820923,11.888973905158352
2019-09-15,7.291446467984984,12.980750651697248
2019-09-14,7.30454720895274,12.95708187674936
2019-09-13,7.431800538801958,13.11522707960914
2019-09-12,7.6544255670882855,13.288123173590854
2019-09-11,7.731683179665575,13.33204590691796
2019-09-10,7.826459972541447,13.398147902309974
2019-09-09,7.729762637933996,13.263327919699089
2019-09-08,7.858766596314643,13.36583983686213
2019-09-07,7.867323609479097,13.433887975755953
2019-09-06,7.949842830127278,13.516505832369617
2019-09-05,7.983271141533331,13.548324028734172
2019-09-04,7.990786929211351,13.53359495718435
2019-09-03,8.286714811971354,13.807232878052963
2019-09-02,8.33369053439686,13.813287903064237
2019-09-01,8.654806756079305,14.065472133068482
2019-08-31,8.779985370372634,14.176854840109174
2019-08-30,9.017470698354968,14.337747287627597
2019-08-29,8.892698173864217,14.286834460686487
2019-08-28,9.294747083998017,14.538466735032559
2019-08-27,9.303059555968769,14.525154631736191
2019-08-26,9.367542873983375,14.538182504945965
2019-08-25,9.57093486015428,14.686947052495736
2019-08-24,9.348425513757142,14.55341885028086
2019-08-23,9.236427202075106,14.48411393376111
2019-08-22,9.126815112038152,14.379806747081377
2019-08-21,9.198481483203194,14.393010938570862
2019-08-20,9.682281690540322,14.79202456788584
2019-08-19,9.66009585566338,14.78809418131619
2019-08-18,9.62665767868004,14.779443184863212
2019-08-17,9.62554101646515,14.80002510983327
2019-08-16,9.125792483630049,14.474333835929965
2019-08-15,9.301097195597615,14.653461702229208
2019-08-14,9.77220571010163,14.983727668793197
2019-08-13,9.886121689753095,15.069179660720161
2019-08-12,10.23968423722774,15.303957247211837
2019-08-11,10.195195499254309,15.272903229208547
2019-08-10,10.570286047696445,15.487268790627834
2019-08-09,10.40524836399684,15.41454415765667
2019-08-08,11.021759556612363,15.826441320771455
2019-08-07,11.313895938092966,16.036689650166817
2019-08-06,10.617668833466439,15.543082544701152
2019-08-05,9.774512751582613,14.671041437307078
2019-08-04,9.847405150384265,14.676080582473311
2019-08-03,10.973438535273917,15.751375567176458
2019-08-02,11.388745293875534,16.039095457261947
2019-08-01,12.125783012531441,16.529189278432142
2019-07-31,12.664226709574583,16.6907117887998
2019-07-30,12.445837166404202,16.526237889206584
2019-07-29,12.661857329530928,16.52684288661267
2019-07-28,12.78521714524779,16.59010989733605
2019-07-27,13.215194253871902,16.84599111019478
2019-07-26,14.361295869221944,17.712179298381738
2019-07-25,14.78697715953902,17.797166784778117
2019-07-24,14.679998649771314,17.712756700664915
2019-07-23,13.143697800190731,16.86786307645044
2019-07-22,11.531163989121914,15.975025168642308
2019-07-21,12.805581507805648,16.663595250576453
2019-07-20,13.987418563408296,17.229919210520528
2019-07-19,11.045261103818776,14.384208916792021
2019-07-18,11.207770182193078,14.420474706816613
2019-07-17,9.953724900790066,13.775127415780489
