,risk1_roi,risk2_roi,risk3_roi,risk4_roi,risk5_roi
2018-11-26,0.0,0.0,0.0,0.0,0.0
2018-11-27,0.032834178986433926,-1.2759013639861507,-1.9729664823436792,-2.749676851494911,-2.4920348599706017
2018-11-28,0.06561236134226078,-2.004089316810422,-3.065836025870368,-4.23914587673444,-3.7801665621883984
2018-11-29,0.09831429688289006,-2.428255588091446,-3.7490174279158595,-5.311197163477203,-4.790199179030452
2018-11-30,0.13081984142273484,-2.490598701863888,-3.9636195529722755,-5.7457787821879975,-5.180896960265358
2018-12-01,0.16291703667091895,-2.916612737188501,-4.580211206134948,-6.61825852302286,-5.876323423373918
2018-12-02,0.19468641607903692,-2.570800973156679,-4.175759908349832,-6.211975582969373,-5.485812271425758
2018-12-03,0.22615295730956575,-2.4758170927965466,-4.115102020385791,-6.084160659927235,-5.2743123212236185
2018-12-04,0.2570482205289295,-2.3941878752333423,-4.05265137471271,-5.93651527355874,-5.182030546603315
2018-12-05,0.2873216017532627,-2.266732703824772,-3.9420105758411097,-5.611791431923507,-4.886961793318449
2018-12-06,0.31695313711865936,-2.9021115909013844,-4.932362009083192,-6.55430880317266,-5.747896059974707
2018-12-07,0.3460703002738512,-3.8963727555346424,-6.399778914399093,-8.31429556179404,-7.410913088497182
2018-12-08,0.3748088143762942,-4.6475175947690275,-7.518729128001922,-9.757173679668682,-8.806239810963405
2018-12-09,0.4031175000716587,-5.632683170418076,-9.00057463624806,-11.571271593759377,-10.48984300131373
2018-12-10,0.4310322957726669,-6.396112179466911,-10.17689429320086,-13.071560039779087,-11.824634528221281
2018-12-11,0.4585450163099267,-7.004463132096163,-11.137807707987491,-14.377444085419143,-12.999332952200731
2018-12-12,0.4855959115143804,-7.77820002423158,-12.324751135678966,-15.964681979934355,-14.42709618844819
2018-12-13,0.512172338337038,-8.214791467795479,-13.01361697451378,-16.998148413249666,-15.357178169336862
2018-12-14,0.5382382019002279,-8.434101862842141,-13.331953820452611,-17.397705422596886,-15.718956316399414
2018-12-15,0.5638953731789087,-8.707996563790573,-13.78673209381327,-17.85282835544629,-16.115399195701514
2018-12-16,0.589306159395818,-8.978471678639309,-14.190039637170159,-18.346163461844043,-16.53725889921185
2018-12-17,0.6144837348295482,-9.419667031865998,-14.801976886410301,-18.98410727748147,-17.101000503479497
2018-12-18,0.639585729196753,-9.286109493501968,-14.588920513270551,-18.555657971017396,-16.552285903489462
2018-12-19,0.6648551439676851,-8.851632851648759,-13.922430462874104,-17.57948250259426,-15.469763303891412
2018-12-20,0.6902656889775329,-8.468454877807758,-13.350309006078675,-16.768731995047347,-14.349277206541572
2018-12-21,0.7157330908663226,-7.348233237871369,-11.698020043070542,-14.712810178256461,-12.101018580759472
2018-12-22,0.7411977980991935,-6.443539386730691,-10.348557486401873,-12.835417877609785,-10.256959638110231
2018-12-23,0.7665106479023649,-5.381881369969761,-8.71139804460823,-10.585435640661586,-8.1096634163559
2018-12-24,0.7916608689238274,-4.263676237025379,-6.7660906870137865,-7.991073385305896,-5.72059378731899
2018-12-25,0.8165443375658299,-3.3964633898850423,-5.086170018685351,-5.72060487252908,-3.826725823059917
2018-12-26,0.8409116797619447,-3.0967654634737727,-4.299477537968983,-4.777837911864339,-3.046890532515988
2018-12-27,0.8648589075523745,-2.797739920404581,-3.4817522191451644,-3.7484352323026258,-2.403014718076193
2018-12-28,0.8883858925224075,-3.2915386561769537,-3.9808337040895907,-4.316488413355472,-3.151672249432238
2018-12-29,0.9115499569357723,-3.113004913322456,-3.3628461795056808,-3.5884271447116305,-2.6381355017867065
2018-12-30,0.9343806932897394,-3.1585542076245616,-3.0185625977329806,-3.242507619040765,-2.45735113361242
2018-12-31,0.9565956137691813,-3.2388032800068913,-2.96552640926366,-3.2076481286257916,-2.4984045579937515
2019-01-01,0.9782688079560273,-3.6232006394972984,-3.4744141598080915,-3.84502124019167,-3.0111268877947026
2019-01-02,0.9995249079634334,-3.5104061051915494,-3.1951915929831785,-3.4220898615928093,-2.7007656511399603
2019-01-03,1.0203396393060018,-3.2671490188243553,-2.5812714673464257,-2.608269895232027,-2.0017752038131107
2019-01-04,1.0408343821415968,-2.869259651561052,-1.6721373783562967,-1.445384248281215,-0.8546603905647885
2019-01-05,1.0609539645344626,-2.797372142177153,-1.31117648645926,-1.0036575011924498,-0.09320530740360766
2019-01-06,1.0808185957295962,-2.6953969973193352,-0.9862440006332491,-0.5487513199311138,0.5563992942290383
2019-01-07,1.1010260572872994,-2.369465680729263,-0.403503839924241,0.22604139167621895,1.4011146092628906
2019-01-08,1.121526612605578,-1.9365689030986033,0.3066207815644759,1.0932553678540273,2.2201228879119697
2019-01-09,1.1423025128719928,-1.6762348217613265,0.7156238329949502,1.7663799164307221,2.980043777223784
2019-01-10,1.1633460239122826,-1.560434418390713,0.7715143448723296,2.095330696765629,3.344741485917737
2019-01-11,1.18461188823305,-1.8067072729069196,0.22379938534236032,1.6310778062120335,2.9028218355267086
2019-01-12,1.2061334521553846,-2.128616719960334,-0.5272531239213265,0.9020252690021664,2.319222265216837
2019-01-13,1.2278672764889365,-2.469187465134894,-1.3265214467614612,0.0867871178939339,1.6808702778416773
2019-01-14,1.2495079908966744,-3.2258012476014386,-2.709694819291144,-1.646623886734659,0.49290097925327814
2019-01-15,1.2711159553510925,-3.707941133135293,-3.553313712824149,-2.586548625919889,0.06444307236374414
2019-01-16,1.2926938491185496,-4.299123063579799,-4.603789798179989,-3.8999775596913793,-0.7025339181015795
2019-01-17,1.314249302776318,-4.864544912006622,-5.604982032084891,-5.155048826505023,-1.4044096367900352
2019-01-18,1.3358205193175934,-4.8788782469717376,-5.7006980436862165,-5.127091585260871,-1.0695693250126936
2019-01-19,1.3573777875734976,-4.934272972428346,-5.850209303365801,-5.153214259471113,-0.945664836762603
2019-01-20,1.3788727476357963,-4.836642509361255,-5.770433561347161,-4.891875878472376,-0.5485677133117122
2019-01-21,1.4003508122702613,-4.754838483297817,-5.6442240566867525,-4.470062209769324,-0.1431885420204111
2019-01-22,1.4218163269589752,-4.938852785169956,-6.024941917400696,-4.754597795889225,-0.32724372403893653
2019-01-23,1.4433607324555595,-4.930649647466623,-6.053778554390902,-4.630291227897999,-0.16981272923570145
2019-01-24,1.4650150867834668,-4.99669898707991,-6.221564758865071,-4.771991928058412,-0.2618784727301602
2019-01-25,1.4867631903617564,-5.077339199658724,-6.401675778713184,-4.987190097946382,-0.3897605101783199
2019-01-26,1.5086813886962744,-5.12285134021235,-6.518893965748603,-5.103269446951714,-0.5101187678754258
2019-01-27,1.5308351492929262,-5.278788981972369,-6.807004248653499,-5.379094833331081,-0.7577571841504778
2019-01-28,1.5532991016544884,-5.277643792859422,-6.897670181166163,-5.428760609473372,-0.9036418600851022
2019-01-29,1.5761042634189408,-5.438170242011267,-7.242032541914739,-5.981227054889018,-1.5644980874595262
2019-01-30,1.5992171217765048,-5.68422519744999,-7.7202694324662104,-6.666294474737782,-2.301743988336284
2019-01-31,1.6226734149578306,-5.831352541339797,-8.012995427136971,-7.082210141047071,-2.8656252228192898
2019-02-01,1.646500143131533,-6.031645902155844,-8.390351291312697,-7.613819006545796,-3.5893688100235437
2019-02-02,1.670715414627523,-6.183290179317666,-8.689321200322794,-8.043114417842446,-4.115391377799895
2019-02-03,1.6953451936195165,-6.298513272445348,-8.924767138282945,-8.38226422634051,-4.552954935649581
2019-02-04,1.7203149873513723,-6.431703518169471,-9.15533530985347,-8.743119827467282,-4.962089431647229
2019-02-05,1.745620833026834,-6.363672542540513,-9.050563757999043,-8.477619066725026,-4.778857490342574
2019-02-06,1.7713204770160758,-6.26394679573481,-8.906726501536795,-8.049353768794347,-4.5318361650459735
2019-02-07,1.7974288085153063,-6.331700570495258,-9.043181419144076,-7.953243583327605,-4.499303588315016
2019-02-08,1.8239626273801264,-6.3728894189766265,-9.124844531436992,-7.832659010508991,-4.3441882282940725
2019-02-09,1.850888148675054,-6.043311386485101,-8.579908829180113,-6.914558007034557,-3.5456959852779164
2019-02-10,1.8782151497257757,-5.748142825166795,-8.099670055283156,-6.081172857773566,-2.756176673565193
2019-02-11,1.9059945322194665,-5.362824868333732,-7.405811570211597,-4.9067175199103445,-1.6955845016802584
2019-02-12,1.9341346241641588,-5.0701778422397865,-6.883927929439125,-3.922275459915838,-0.8558330903020419
2019-02-13,1.9625330972824884,-4.771562670868946,-6.324996874934527,-3.0249451250594177,-0.15243162441417724
2019-02-14,1.9911168168522977,-4.415555135667859,-5.672994920427328,-2.132123155847097,0.6678065783644627
2019-02-15,2.0198214698471304,-4.078909478324036,-5.063046053406268,-1.284120635157322,1.4028542567079967
2019-02-16,2.048599316572165,-4.119916841827987,-5.0692678864591585,-1.1924464127129255,1.4655574797814808
2019-02-17,2.0773337522142867,-4.1333718595354725,-5.0277810108311485,-1.1243535014466346,1.4736019607559427
2019-02-18,2.1059318030456637,-4.075815665663825,-4.822428387504289,-0.93267103244807,1.7140945854670235
2019-02-19,2.1344517556572526,-3.6282429330642287,-3.973624400771996,0.02240036946604107,2.6143367895254954
2019-02-20,2.1628459955725674,-3.174404781823668,-3.177724308324329,1.0917183382601507,3.5824427182445646
2019-02-21,2.191085253893192,-2.597095733098598,-2.170262411252608,2.601596467505999,4.829871693431585
2019-02-22,2.219158853288775,-2.0616870273094463,-1.2433114239113365,3.8764121628170187,5.887131303296371
2019-02-23,2.2470881626787786,-1.4923265672155708,-0.25886266347507103,5.200690698877693,6.979552080590011
2019-02-24,2.274924316787235,-0.7543074097869749,1.0187614422043936,6.873606621236078,8.328949681511773
2019-02-25,2.3026620673460343,-0.6502599510025107,1.1273471316035284,7.08771763081144,8.308448411964378
2019-02-26,2.3302098785338643,-0.7376870048092599,0.9215341033181801,6.861556918946135,8.074487627513363
2019-02-27,2.3575966726790796,-0.8739042671418105,0.6633225407301779,6.361170289003468,7.59961500801279
2019-02-28,2.3848091675297525,-1.1059461140209095,0.2106466048971356,5.575047585204743,6.90227906545428
2019-03-01,2.41181967455924,-1.2694492489699627,-0.10935575587933499,5.1781835886559975,6.5142824720543615
2019-03-02,2.438584510965441,-1.4932578081799903,-0.541829238993671,4.745951490063632,6.11036435625509
2019-03-03,2.465016129759931,-1.9342081272798453,-1.3849013168393043,3.8933926100869343,5.373463341651004
2019-03-04,2.4911290664504833,-1.8667436570805762,-1.3806083537537859,4.074882046403474,5.5854587624237695
2019-03-05,2.5170096033872795,-2.03927995875209,-1.7520696648289231,3.81393471589314,5.257935830628014
2019-03-06,2.5427064697524315,-1.971380448829052,-1.678603335278055,4.446192822216631,5.763293618633895
2019-03-07,2.568259179589461,-1.8886618069890204,-1.559276068310794,5.152819284047183,6.34231430420418
2019-03-08,2.5937064676550676,-1.8026860394188304,-1.4556887438175181,5.813066981219521,6.999661841680535
2019-03-09,2.619059386590834,-1.7425583096171238,-1.4215464951558516,6.142849142725268,7.377798877671012
2019-03-10,2.64444582143895,-1.5649439577930764,-1.169757115825604,6.84143060701895,8.070968434112416
2019-03-11,2.669920679718686,-1.3920178410770347,-0.9180682204976165,7.538624082199618,8.8279355952577
2019-03-12,2.695478543606157,-1.1764256555460975,-0.5966721518480114,8.408714934315242,9.629303178838981
2019-03-13,2.721090324235405,-1.1507559939311847,-0.6264308764663866,8.679030833456196,10.000651223827774
2019-03-14,2.7467742020618715,-1.1586250436648413,-0.7284156612414279,8.739959952861014,10.193379768546691
2019-03-15,2.7725154223542745,-1.1613559233648374,-0.8093104174326982,8.806568726024238,10.322774208869347
2019-03-16,2.7983725590533766,-1.0588226294176337,-0.6630465631889706,9.275203162945786,10.747777979550818
2019-03-17,2.824320459718109,-0.9482104624884045,-0.49282589546214695,9.750946081305514,11.128023315141945
2019-03-18,2.8503106575510344,-0.8524441239065084,-0.35308848821601657,10.143423374222081,11.387515554611412
2019-03-19,2.8763031116379523,-0.6691234053738384,-0.0878263828379886,10.602492155736059,11.831063488547173
2019-03-20,2.9023323001090944,-0.47480542776303025,0.1878234906458971,11.03500145642316,12.13003826008125
2019-03-21,2.928372270087266,-0.2231427990236341,0.5557963821933072,11.618333212904403,12.556842477000146
2019-03-22,2.954441877455494,-0.07536531434365656,0.7473616549746964,11.892568953535374,12.676320516991169
2019-03-23,2.9804689034819773,0.008509438117499712,0.822768653861047,12.217330053902515,12.820111476673716
2019-03-24,3.0063941849199693,0.006235853929098312,0.7550162640859384,12.409749311942363,12.84406248261385
2019-03-25,3.0322535549987037,0.02341140072879,0.7289440756015892,12.860434153639162,13.079368550269706
2019-03-26,3.0580866613962456,-0.043390765306611456,0.5966652186072992,13.08828566726649,13.20208367769223
2019-03-27,3.0838463169378656,-0.1308653246649527,0.43301624194600663,13.256588337488722,13.263048980393663
2019-03-28,3.109556177887953,-0.12053277632182358,0.44884606406762373,13.784794848905108,13.664868459949489
2019-03-29,3.1351978030511134,-0.03962385996788953,0.5709469064056663,14.463945217741227,14.282668539828464
2019-03-30,3.1608345903721045,0.138883755107841,0.8600565595678944,15.2357182120531,14.97741127211107
2019-03-31,3.1865123761669025,0.2856737075836975,1.0856565696896041,15.829084800812282,15.542119428937653
2019-04-01,3.2121618231013684,0.4508269409031982,1.3365931962800062,16.31419339750427,16.042949434110795
2019-04-02,3.2377358051666647,0.7432067381791825,1.7501542720768697,17.164539756359517,17.117198751727585
2019-04-03,3.2632568845858145,1.9025697123070984,3.3922981548250846,19.6765111287517,19.689020031902487
2019-04-04,3.288615222486925,2.986593815288245,4.812810113974962,21.78009437947469,22.013610938782264
2019-04-05,3.313786153779887,3.9943072384317304,6.13830846589083,23.76435085832162,24.4406678788597
2019-04-06,3.338697315372144,5.038282436999964,7.538629067357505,25.835694482655214,26.873830047390754
2019-04-07,3.3632901683104137,6.095401470965143,8.969100282022552,27.850643285231143,29.153178934835296
2019-04-08,3.3875736736457327,7.31259641915068,10.708104703406775,30.17240826398438,31.600089333884654
2019-04-09,3.4115575268491085,8.580228044918783,12.5877159903023,32.35516728559318,33.44576660379752
2019-04-10,3.4351656589648485,8.940136026893498,13.122511078886248,32.68593709909126,33.57958145736427
2019-04-11,3.458486331468194,9.36511356831221,13.807285325424587,33.29836090053706,33.82678615884197
2019-04-12,3.4815788199056072,9.556249031278398,14.113162649692924,33.34972055864537,33.32909275727744
2019-04-13,3.5044624827410473,9.63380185723669,14.182094083457855,33.05178228046981,32.612166327314696
2019-04-14,3.5272095783544586,9.674367453021972,14.201113795332489,32.79793056713703,32.11672362434342
2019-04-15,3.5498703112599372,9.63695232603365,14.064726395316598,32.46953502841063,31.546083990166267
2019-04-16,3.5724783395365876,9.355373169801965,13.484660426721007,31.833884330537586,30.8323557107787
2019-04-17,3.5951834868237142,9.369026387226157,13.365551948367,31.771319967322086,30.729773609613517
2019-04-18,3.618029557156703,9.251592086909454,13.07727030267047,31.400008725901074,30.342236913148213
2019-04-19,3.641007768813253,9.519220765591498,13.475633426763935,32.14794601916117,31.10081437270381
2019-04-20,3.6641810919404776,9.760784675178144,13.85094955033371,33.01299486648648,31.853307624764795
2019-04-21,3.6875183003069765,10.037668609586788,14.270588968847122,33.8317832650564,32.48534981439272
2019-04-22,3.7109996985332003,10.214426532887956,14.48538065826699,34.20209236863002,32.691400563771964
2019-04-23,3.7346434112511417,10.592089528543326,15.028882191273738,35.00006653446127,33.33038922702036
2019-04-24,3.758331556820437,10.941269192086537,15.453329467898783,35.39772665819285,33.59823492709913
2019-04-25,3.7820557278699027,11.164908921968575,15.672648484367613,35.5148295561379,33.62364970725517
2019-04-26,3.8058291868025833,11.025863320590304,15.237492188635372,34.657289426829095,32.63596479484988
2019-04-27,3.8297687999206005,10.980631783383728,14.950526359603117,33.88216829894441,31.7425727124224
2019-04-28,3.8541940123361087,10.880506096016546,14.618820588198844,33.067926206283005,30.781403920527623
2019-04-29,3.8792904964927573,10.784669363656064,14.312017274218633,32.410322731795645,30.06118470379394
2019-04-30,3.905183365139692,10.556374682527093,13.811927785235653,31.26768082269436,28.92089494034653
2019-05-01,3.932028454117443,10.286903101335923,13.372557193024761,30.599176338754972,28.28218830962652
2019-05-02,3.9598229986142996,10.18683898110153,13.169006360808595,30.18948564040815,27.938851416741628
2019-05-03,3.9886093718364606,10.465128492654998,13.560519295392695,30.631014251993292,28.361455576869616
2019-05-04,4.018181303573527,10.922042610162805,14.170300023507124,31.231982691555345,29.107647250078855
2019-05-05,4.048061648099093,11.450221186451216,14.780160461437134,31.687946033945053,29.723165868305216
2019-05-06,4.077973892966384,11.931546232722482,15.361270801756149,32.1072187386705,30.312383256208165
2019-05-07,4.107627256841852,12.497809104292173,16.23254646890129,33.04379412556588,31.49822761805754
2019-05-08,4.1368606843507365,13.039015048217038,16.931584213662433,33.430219189827994,32.09918925888854
2019-05-09,4.1656697330382,13.629357800852091,17.70142041233605,33.8701827167408,32.83284906462109
2019-05-10,4.194014435299977,14.30613987583493,18.545810270554668,33.98941293689748,33.4141033429822
2019-05-11,4.22194457639614,14.891685960797332,19.241487679875817,34.00568827115498,33.828290404934705
2019-05-12,4.249777694180125,16.288539255512234,21.207181632770542,35.95723374608883,35.780265584936444
2019-05-13,4.277311612117131,17.409135086180726,22.74895181421323,37.246121878651195,37.062940661082024
2019-05-14,4.304814051508615,19.207842969455953,24.97540097277296,39.45493231585664,38.959166822554096
2019-05-15,4.332209398427096,21.123950134503133,27.70568835821058,42.927107548655584,42.26554756291773
2019-05-16,4.359334342214552,23.198000490404382,31.05401848269659,47.891645207231306,46.62730384494992
2019-05-17,4.386327588199251,24.89960840294438,34.21385122855153,52.70857058563456,50.9639441052166
2019-05-18,4.41295627849199,25.92780140128923,36.2902079934658,56.1003981287617,53.99506628185139
2019-05-19,4.439076204436617,26.142811184764156,37.033882953314276,57.808903858309975,55.83753268278099
2019-05-20,4.464967140928465,27.32742748293984,39.27624017146033,61.47121704848274,59.39396399800671
2019-05-21,4.490875656316987,27.69144222451348,40.380770959613415,63.66314557520005,62.006228331936285
2019-05-22,4.516670688602915,27.837416780314257,41.005583445275875,65.12459732795958,63.90755858081047
2019-05-23,4.5428207450894575,27.475152770168393,40.550143009709586,64.4474915849782,64.1958357221618
2019-05-24,4.568711341511886,27.410402762294723,40.227254642364954,64.17322067583828,64.73444856932437
2019-05-25,4.594728159629398,27.897751932665784,40.82011164468932,65.23536432693282,66.3780601258126
2019-05-26,4.620862748446285,28.494105460465818,41.66280241799129,66.51755559465985,67.6743612764783
2019-05-27,4.64719009764076,28.85757926990445,42.12661307389388,67.18867784462142,68.35391081998833
2019-05-28,4.673343754832175,29.539742060535048,43.13760521516792,68.79418591567395,69.70698959991262
2019-05-30,4.699627888687047,30.082625298124185,43.88787281699402,69.8530120380453,70.38713411437806
2019-05-31,4.725771680791382,30.582703626063193,44.568222267812615,70.80047510774199,70.8046766939965
2019-06-01,4.752163432157644,31.173521407908083,45.50344554169814,72.19557844261763,71.56349461361023
2019-06-02,4.778637905231847,31.641512949547575,46.21346758430127,73.1744554113256,71.847167035311
2019-06-03,4.805231682724823,32.20341201672343,47.06304200341489,74.4204439988969,72.67668587071225
2019-06-04,4.831877390033924,31.872179204527583,46.5170255212243,73.83449670018427,71.96442944601316
2019-06-05,4.858421902082455,31.02290457129152,45.16867366098566,71.83557508034102,69.82618861164451
2019-06-06,4.884797396067057,30.401673426637984,44.20833415570348,70.43749068784786,68.69151914857446
2019-06-07,4.91093599915412,30.072617860325863,43.7732554530221,69.99862848446512,68.47316966244824
2019-06-08,4.936935748624663,29.66189109718954,43.10041496533739,69.11246049010913,67.98161024259795
2019-06-09,4.962732977612461,29.18896708160858,42.326507549732355,68.08145539073698,67.41600808983264
2019-06-10,4.988246813152045,28.32402194058153,40.90018992940972,65.88444520548327,65.7537111326074
2019-06-11,5.013559335553026,28.209360635325908,40.71308957141588,65.64764962039408,66.09041476948622
2019-06-12,5.0388117441613645,28.400507595813338,40.97871571164893,66.24390656329282,67.08727916079118
2019-06-13,5.0640109113357,28.708561197696213,41.48396373018585,67.38538938179187,67.98413727168915
2019-06-14,5.089788855342732,29.033557997722653,41.90051968736108,68.14021908201161,69.79650496367583
2019-06-15,5.11558132232787,29.547269452790715,42.62615293034747,68.94418935350939,71.18550101227649
2019-06-16,5.141419993462662,30.26244623051639,43.70042519482121,70.1977783794369,73.02190104949923
2019-06-17,5.167150345165567,31.318859398074807,45.318344049410626,72.31138636403892,75.57349470787642
2019-06-18,5.192699550567397,32.31813284256501,46.73579514623799,74.04071978497362,77.8451431924839
2019-06-19,5.218163005049064,33.20561402723416,47.955011019227925,75.44819999061951,79.80323074250256
2019-06-20,5.243540689799573,34.005044284984194,48.94235111043011,76.22753578946345,81.27081362098653
2019-06-21,5.268220720388442,34.94368873280982,50.19025540788624,77.4822091413134,82.16049033723505
2019-06-22,5.292722172666856,36.000652036381354,51.73326351929029,79.43311936910186,83.6683978259303
2019-06-23,5.317055414762365,37.36322328339389,53.76292445466078,81.91247766800589,85.65072187100748
2019-06-24,5.341527650718831,38.677306766409686,55.69483468365155,84.2552441752701,87.5828667520295
2019-06-25,5.366507794435051,39.88510040182996,57.497239891469036,86.36863551469852,89.14994889916085
2019-06-26,5.391851920655185,41.71536575458373,60.18882873849961,89.23223315921717,91.92573402831542
2019-06-27,5.417574092693684,44.1321000501481,63.713405814975005,92.73480846772969,95.17743398349631
2019-06-28,5.443624085385494,45.15392416982567,65.14073733239036,93.66670799899049,96.65393490444501
2019-06-29,5.4700206030782965,46.469039720214596,66.81001361767707,94.6611227198623,99.17660739366886
2019-06-30,5.496817477079446,47.22037226373058,67.78470356911399,95.0661386293711,101.7026514650467
2019-07-01,5.5239392941111305,47.215891455393205,67.59818589361632,93.8536671494337,102.35889554090582
2019-07-02,5.550998404003579,46.96777055557479,67.12502262073235,92.46721524736512,102.83778901938251
2019-07-03,5.578172114401795,46.364666277694226,66.10856987608668,90.51812681484824,102.61356580540505
2019-07-04,5.605406266913633,45.71787300783123,64.97684653546744,88.58535527662417,102.23050239907627
2019-07-05,5.63292245463839,45.73302696405992,64.86140990631625,88.08869270785351,102.7089120288415
2019-07-06,5.660555871190738,44.9318959838117,63.686413834914674,86.40213271911105,102.16919675048229
2019-07-07,5.688067219901413,44.45740856975607,62.76232490664208,84.76717587758168,100.95881437498579
2019-07-08,5.715425029542189,44.8339970834607,63.3322257777657,85.23048242948562,101.594951160764
2019-07-09,5.7426086973966335,45.82124197840977,64.64776773446425,86.21128307146586,102.63022429897734
2019-07-10,5.769579842426637,46.849638827214164,66.00637930169239,87.27737586484656,103.25726165228048
2019-07-11,5.796310579931472,46.926028807080655,65.91584181140962,86.54049937435616,102.49499639111087
2019-07-12,5.822706973525044,46.97387095052272,65.76248975061418,85.38977691921576,101.24856347618234
2019-07-13,5.849036316160351,47.393086442481774,66.08049454472325,85.16719675767214,100.4409387717671
2019-07-14,5.87533695518691,47.420366905598314,65.86782149310653,84.27003153508736,99.41622562353297
2019-07-15,5.901469047495581,46.53612714898395,63.894003050278286,80.98147548652878,96.2286910127043
2019-07-16,5.927382816339929,45.514531465552096,61.69352892434941,77.38328041039046,92.74080675228262
2019-07-17,5.953036250307221,43.47202332249037,57.997992636171034,72.14837569166542,87.639525589767
2019-07-17,5.978484396990595,43.49667115322953,58.01984922486852,72.16537932183456,87.65985205767174
2019-07-18,6.003637973745768,41.79121441302479,55.054930812148115,68.37963758595467,83.97548971089981
2019-07-19,6.028451080420055,41.20462970067939,53.814162564753644,66.8988802269293,82.66001861783079
2019-07-20,6.0531981195299664,40.25970176744718,51.998569470112244,64.52899339693246,80.19898143466457
2019-07-21,6.077969834162545,39.72140883065188,50.80647317069307,63.19367454007147,78.62251246677877
2019-07-22,6.102876788065288,39.92732919865091,51.009372685309074,63.64465046413528,78.80296634922206
2019-07-23,6.1279352051019345,39.56380533660226,50.425432184217584,63.424763009254775,78.24802943785971
2019-07-24,6.153050892985803,39.883046057379545,50.96762588527682,64.4448429569679,79.22285188289479
2019-07-25,6.178254189424891,40.01916277148234,51.204358188979484,64.83937798147872,79.48431489512103
2019-07-26,6.203469807456031,39.572564821492136,50.61602431346881,64.30594048399178,78.68593688220875
2019-07-27,6.228719596451086,39.1868137674532,50.1721822692883,64.0734422224289,78.20843078563297
2019-07-28,6.2540936666007525,38.32669371844233,48.90669722296397,62.52990295165256,76.46977609033962
2019-07-29,6.27955883539336,37.642135854038855,47.942339002045514,61.3853046037579,75.1584524635013
2019-07-30,6.305002525968277,37.13307518803259,47.288221587038265,60.543662733584824,74.1435324723414
2019-07-31,6.3304653175202645,36.915226594101,46.99181815839779,60.251499459583954,73.56996502682006
2019-08-01,6.3558404785812,37.10552790688541,47.212674293671284,60.63152032545446,73.6182156976977
2019-08-02,6.381154199918953,37.40801177101349,47.489971586468954,60.820516831891695,73.58522595461275
2019-08-03,6.406198980456622,37.83489074998488,47.91664634241661,60.81533919738621,73.68303186766369
2019-08-04,6.430982011572354,38.73504944161064,49.10291718708311,61.71750714281774,74.66492012289538
2019-08-05,6.455494580601723,39.64840576202124,50.24213754087873,62.48165527105502,75.62292188114921
2019-08-06,6.479799083175337,41.12487293517262,52.15789631723692,63.9677450372873,77.30158820669661
2019-08-07,6.503933485973363,42.3415627556233,53.726718994533115,65.03771098724374,78.67399769298376
2019-08-08,6.528031250814081,43.474303356610676,55.06254575265967,65.68682482780801,79.54725747142487
2019-08-09,6.552082879588625,44.44270379563079,56.18546434106051,66.47033690160379,80.4170102489754
2019-08-10,6.576222211649679,45.15085463797851,56.83056968109315,66.55360781004538,80.39334847804525
2019-08-11,6.600460332184738,45.391823692668765,56.85803514986384,66.32495196824763,80.20025990056692
2019-08-12,6.624896965455974,45.709844041983644,57.11131455897652,66.60315754398403,80.38558584958878
2019-08-13,6.649448596119427,45.39442733857706,56.429259101909906,65.93256489540062,79.74387329591147
2019-08-14,6.674122766650754,45.006268843144824,55.728361851306516,65.36596932624383,79.20299433882681
2019-08-15,6.698937960638759,43.77602482836019,53.75869490367012,63.08687559715216,77.23392292815251
2019-08-16,6.724308438341723,42.68358601185821,52.04305987548949,61.003346840244575,75.55003394461102
2019-08-17,6.749754643828837,41.731778033003536,50.61835032123932,59.479968032004365,74.34052267027434
2019-08-18,6.775218099914028,41.027342614869355,49.525591770743745,58.07407186507146,73.20662664202783
2019-08-19,6.800728279601572,40.23097861169069,48.311717286773415,56.600562632472474,72.03280733771265
2019-08-20,6.826279301916188,39.93296061145,47.85636998879812,55.93422078963977,71.6063845411609
2019-08-21,6.851898393313434,39.794502097019574,47.488876416447056,55.22394288889163,71.02349142896239
2019-08-22,6.877453047953878,39.88773306945262,47.60548777961489,55.34696638273539,71.0220521910959
2019-08-23,6.9025916333217765,39.83305217788893,47.59973882535101,55.39330381459615,70.91366029542394
2019-08-24,6.927652656104797,39.94084363283909,47.86054988710981,55.79551315556046,71.14664562648866
2019-08-25,6.952626700611717,39.94476708733359,47.940013005418734,55.9304221551177,71.01791083127011
2019-08-26,6.977367025167155,39.79829712645568,47.64717129257525,55.42194657089206,70.25681056901789
2019-08-27,7.002171666495542,39.4185357627714,46.99840173266361,54.55873474062906,69.08929300353893
2019-08-28,7.0270539249687545,39.05657824240768,46.4561584517804,53.92636021432665,68.25313122120778
2019-08-29,7.051933935983897,38.786837526683115,45.932043530002375,53.08539683933418,67.21231378742297
2019-08-30,7.077051399017819,38.307868379905216,45.03867809225778,51.584338480913516,65.47582385137284
2019-08-31,7.102082417667248,37.71838563204392,43.97810774638401,49.955117039046314,63.66098778722272
2019-09-01,7.127104645366401,37.317044443921645,43.23312009618124,48.574655712587656,62.10646149349506
2019-09-02,7.152162256918132,37.035059032034354,42.661164017640516,47.3834355694176,60.73489518510928
2019-09-03,7.177001923033686,36.98898841816006,42.42031383703417,46.60564464088793,59.822489548600686
2019-09-04,7.201530019492054,37.23500283036239,42.5267058981878,46.1477313025662,59.19178047756543
2019-09-05,7.225849539787561,37.75700751622941,43.09593629839864,46.35962488869427,59.226838876102335
2019-09-06,7.249632132232705,38.45350931543226,43.91219792004418,47.04011865759372,59.82669042140296
2019-09-07,7.273324512654597,38.92681936416432,44.41342314776833,47.35176047543186,60.04440934106694
2019-09-08,7.296843512008493,39.480629892543305,45.08923033527094,48.02784392329724,60.59582408494646
2019-09-09,7.320233590789414,39.9569776183925,45.77475615464982,48.78287579463171,61.28452129169773
2019-09-10,7.343527013924074,39.999344533328326,45.8739415035233,48.89034251085812,61.28220792078989
2019-09-11,7.3667841182698055,39.7446736378144,45.6280690626119,48.66107302978668,60.96831515014162
2019-09-12,7.390040175423678,39.54409271554795,45.4739922212716,48.461317570988655,60.68751189931962
2019-09-13,7.4132667088131825,39.50974340584622,45.55554238783856,48.42214725538253,60.5100788480716
2019-09-14,7.436459416320233,39.604677761389894,45.859619088453,48.66234769466732,60.47406988686117
2019-09-15,7.4596447602827425,39.623524060754534,46.05926956489634,48.77395191438836,60.30992576680865
2019-09-16,7.482785330238556,39.63414326732524,46.20213250047274,48.72786662588439,59.99815936271193
2019-09-17,7.505844628989678,39.72094674004376,46.57767305897511,48.934702850430455,59.91901308135675
2019-09-18,7.528880720522949,39.955690345997255,47.32050068634254,49.780897529979995,60.41732627630887
2019-09-19,7.551882550477444,40.16127366638898,48.07752500291156,51.21599258542358,61.681343979770645
2019-09-20,7.574918132482139,40.31796212483775,48.91586744065893,52.63706333058991,63.02569476564997
2019-09-21,7.597981309554555,40.43031309989493,49.62707212961524,53.83492818817581,64.2861028136754
2019-09-22,7.621117240070788,40.38511399283212,50.00415139092422,54.60010837564349,65.23446569512737
2019-09-23,7.644350421378277,40.36486119224543,50.32767602953899,55.1475832994019,65.93004849605435
2019-09-24,7.667748650116607,40.06835597687922,50.05799619392667,54.8801854881508,65.94652679716157
2019-09-25,7.691344512909552,38.99883875611923,48.28452896258992,52.309701509323645,63.92029836282558
2019-09-26,7.715169293053236,37.787379691141155,46.363611300173915,49.266964950980764,61.27445009678638
2019-09-27,7.73918005175247,36.20389229994382,43.796927082404835,45.61369469507588,57.93148704275575
2019-09-28,7.763233175022336,34.74424126685969,41.53730425366351,42.39245872736302,55.00749386034306
2019-09-29,7.787332448036011,33.411024853055636,39.45177629354308,39.344190626891475,52.25011428506792
2019-09-30,7.811455060940844,31.91425806559502,37.179247650017146,36.234029013945275,49.50829150143602
2019-10-01,7.835600770257116,30.86588290277237,35.72198902270412,34.28108310802327,47.87066125371828
2019-10-02,7.85970664476676,30.728386378755886,35.7807462537163,34.40515180179577,48.271091828713054
2019-10-03,7.883771313704784,30.742979928255977,35.9669065018073,34.61094770089295,48.78198427925449
2019-10-04,7.907804858070449,30.877275331192266,36.28227621433766,35.05257345168019,49.57363489121846
2019-10-05,7.931958906450205,30.891922553054627,36.326180940158736,35.1375409532549,50.01420287244957
2019-10-06,7.956206041901609,30.86840786500315,36.334306759568705,35.23484818050429,50.395998560955036
2019-10-07,7.980564285683485,30.775931873438736,36.24639087127997,35.28355245736731,50.843801473042134
2019-10-08,8.005019137218682,30.7393477696273,36.21047666976875,35.48284899745647,51.48509222595922
2019-10-09,8.029525869395911,30.63513535686795,36.10025359165425,35.59486164404069,51.9536016230455
2019-10-10,8.054047440323032,30.880504464374837,36.56479999877615,36.4676255701811,53.269868611249734
2019-10-11,8.078508981854014,31.243937082436588,37.175056803482505,37.359761228693316,54.459652681580366
2019-10-12,8.102868172937377,31.37435919128899,37.38435428830408,37.736539161558284,55.299549448395254
2019-10-13,8.127156734342961,31.53111396124686,37.604323437750764,38.18788936351302,56.094318928461405
2019-10-14,8.151350552522956,31.88348443741151,38.146705142456966,39.18405834134913,57.22223174987869
2019-10-15,8.175459539748744,32.05235570404281,38.42510419603846,39.770449695144464,57.91059139491361
2019-10-16,8.199535542904144,32.071236924767106,38.439861588641435,40.01529146938657,58.13851787993488
2019-10-17,8.223636354086238,31.615250871281887,37.659443001304,39.180619402748476,57.34336174192214
2019-10-18,8.247857855977287,31.23650048455636,37.03593408103208,38.74667269933829,57.09912495919389
2019-10-19,8.272236619143428,30.997658332415483,36.65537447658693,38.5892230552719,56.94147715803831
2019-10-20,8.296744105811086,30.729243295069352,36.23666709076821,38.336812775031035,56.824891379783736
2019-10-21,8.321360024732684,30.66221121782388,36.06127572021052,38.159340980333326,56.81494116098932
2019-10-22,8.346056066444532,30.529654318210902,35.713914317741995,37.69142898644131,56.635649863682545
2019-10-23,8.370799689862821,30.409838806592745,35.42805298623219,37.36988397964245,56.57175520463335
2019-10-24,8.395519835297648,29.981456609398094,34.75075529615563,36.559640409870184,56.027039079799295
2019-10-25,8.420133136143136,29.458588722431216,33.91819264389912,35.543207937358005,55.304321706895195
2019-10-26,8.444647925622164,30.017397403510728,34.63909056899982,36.29177064805759,56.25445008404668
2019-10-27,8.469027766686267,30.966216822757048,35.74904882671214,37.261325378114236,57.26369164097849
2019-10-28,8.493281573936414,31.92386014566813,36.88107570576358,38.31477383576177,58.24461711578175
2019-10-29,8.517382029408964,32.677791163293676,37.788123113094684,39.31564074506187,59.06894680221893
2019-10-30,8.541320400565937,33.71872638321733,39.193062819695456,40.931644336171416,60.51275324146337
2019-10-31,8.565066445011041,34.98438446612295,40.87494132815888,42.91408492990763,62.208322941741585
2019-11-01,8.58866312402796,36.241466642372785,42.55832580108046,44.779004176396825,63.79311492555084
2019-11-02,8.612135589820582,36.642722549780956,43.00110253548695,45.28525446055775,64.10819424070263
2019-11-03,8.63551116058531,36.74025354294673,43.16125272482304,45.656775436783334,64.38442071563315
2019-11-04,8.658787085818588,36.56568155906979,42.94443187876587,45.55536767463633,64.30434956103693
2019-11-05,8.682055953318496,36.69834827040631,43.14505287791923,45.8512976692985,64.52545321976433
2019-11-06,8.705291828209468,36.64642694049829,43.063729115411036,45.821676124747086,64.47171424946066
2019-11-07,8.728551653264233,36.82111945255792,43.38039936033721,46.35171528036781,64.95869515286253
2019-11-08,8.751843754180442,36.9103232697542,43.537931559583456,46.63241179878122,65.24208678154156
2019-11-09,8.775156481189327,36.66020996026765,43.28160547951728,46.38014967235236,65.08891769740575
2019-11-10,8.798501710283062,36.37962994614597,43.01229170935619,46.11317655474309,65.04037345611735
2019-11-11,8.821909986765064,36.339497307449705,43.08651543370132,46.31831239518968,65.42006249527552
2019-11-12,8.84534088249302,35.94200548618096,42.64959710369075,45.893170743340534,65.25161861735677
2019-11-13,8.868881568735986,35.6342119885351,42.284069179558315,45.54672230428773,65.2232435217885
2019-11-14,8.892562759448268,35.26929636235036,41.83954018890472,45.10588757205062,65.21635628105184
2019-11-15,8.916405961316968,34.909850152698226,41.42460865049176,44.797393257950716,65.24574330656304
2019-11-16,8.940416001671679,34.70654864460923,41.14906388131408,44.68789271906428,65.39553242699111
2019-11-17,8.964593219169132,34.51019316379217,40.9003260088123,44.56503864013584,65.42229996408204
2019-11-18,8.988948540397303,34.15152676320133,40.43641262020492,44.18080362560181,65.12926506622676
2019-11-19,9.013473530719665,33.7884148726786,39.94486922636497,43.63500566158331,64.64033423726997
2019-11-20,9.038118409083296,33.30374909887411,39.25013203807953,42.7126441629423,63.70830306776861
2019-11-21,9.06283629155223,32.799700428633685,38.50197222462171,41.6016336495654,62.51245053923711
2019-11-22,9.08767126933526,31.99893823744611,37.266759134207604,39.84235536557307,60.58562025300827
2019-11-23,9.112623115212571,31.036030590273185,35.74974251738723,37.6752601391002,58.18478532230239
2019-11-24,9.137533351334298,30.057003618727947,34.20560984821623,35.611912436993634,55.9540041800808
2019-11-25,9.162355621235292,28.714667238227605,32.0557294807918,32.68348147750166,52.865307248283045
2019-11-26,9.187059229848188,27.765320263048892,30.50825410090556,30.50998354417601,50.551563101887126
2019-11-27,9.211656802680409,26.89992924124533,29.109699197948146,28.628960340925147,48.53965669373238
2019-11-28,9.236160586659295,26.33236103178095,28.120992804428028,27.368808694358634,47.03831147649899
2019-11-29,9.260478812318908,26.145293720174777,27.736779410962072,26.86100535761352,46.37100710351004
2019-11-30,9.28450317904884,26.513309646207716,28.18640916739747,27.456795451485803,46.866600907283896
2019-12-01,9.308390219105718,26.71636241408946,28.383788444186337,27.6155877574638,46.81260397800452
2019-12-02,9.33213355861946,27.153744275029027,29.024826490254668,28.395720085798416,47.41908901765845
2019-12-03,9.355771808185338,27.331394432374083,29.248057968413292,28.661217140267212,47.48770426339556
2019-12-04,9.379279146760922,27.444337489446298,29.35036275384857,28.765191446571237,47.428919900662095
2019-12-05,9.402642988577355,27.219956612876473,28.984106836349923,28.259915210171215,46.79367434881652
2019-12-06,9.425899685411267,27.174114644606476,28.8753724503446,28.085245280658825,46.4008963679795
2019-12-07,9.449129397686505,27.02003615954709,28.6092614980833,27.650351507932527,45.76511224124047
2019-12-08,9.472299503213236,26.96590287985032,28.464089664823888,27.411770521779744,45.35769453610774
2019-12-09,9.495361291787987,27.05833160465447,28.53987581520792,27.444818409486942,45.25852167134127
2019-12-10,9.518299559172576,27.098622807251303,28.549516689403845,27.445258060448737,45.21960687653623
2019-12-11,9.541144442847468,27.071656981207695,28.488794936409306,27.289765143793545,45.19837640154114
2019-12-12,9.563936871558752,27.069206332146678,28.439202306381105,27.185940532193328,45.205423374219095
2019-12-13,9.586696247809897,26.94514460533918,28.257250700876625,26.87908396869244,45.008061481170785
2019-12-14,9.609434435273698,26.73119610743717,27.961359540835588,26.4791872308257,44.637265276618706
2019-12-15,9.632197874599683,26.412691827835772,27.53488353634367,25.8751796636044,44.08552037070774
2019-12-16,9.65508113538013,26.083321630721173,27.04445083713317,25.193700828091195,43.5034329084061
2019-12-17,9.678113892576704,25.674178674537984,26.34644529464535,24.17630636624996,42.548160445926214
2019-12-18,9.701303802347752,25.080748843647314,25.28565440682506,22.640337159180348,40.836226469745554
2019-12-19,9.724623882205464,25.090946551808543,25.087994887089337,22.073905618520897,40.14965768066969
2019-12-20,9.74803416957323,24.960455672939787,24.61756190274636,21.185366741595573,39.20576744321153
2019-12-21,9.771523209759707,24.82170275780193,24.146527294793344,20.336382512324093,38.37651640712929
2019-12-22,9.795053965616319,24.783558538983186,23.800687204381177,19.60905327772059,37.6603724015952
2019-12-23,9.818586867718892,25.020881049769912,23.82493817285696,19.289256036087934,37.32560349712003
2019-12-24,9.842115705937957,25.336381861436834,24.038389470775854,19.26003829097516,37.244676195769216
2019-12-25,9.865606727064119,25.879958399706524,24.697722611738385,19.979292569413616,37.94890146339583
2019-12-26,9.889064726302706,25.79277735132267,24.445187186020434,19.627064387408907,37.56981545469495
2019-12-27,9.912527190266701,25.837650504268623,24.43354623112353,19.634314067740135,37.553139941302305
2019-12-28,9.935989757791788,25.89092220446814,24.4411101587624,19.53368276855811,37.433921038054876
2019-12-29,9.959474331999473,26.044090267067546,24.612701189144587,19.73451657996135,37.6101698065213
2019-12-30,9.983003589597246,26.01156954825126,24.62223864355215,19.789231904926268,37.59988068129178
2019-12-31,10.006535968012685,25.986856496195685,24.663681370268165,19.937450342303663,37.66402162820452
2020-01-01,10.03010592244857,25.965859048591483,24.669845133254853,19.968074365320916,37.59591456120961
2020-01-02,10.053743938512667,26.01943811672885,24.834271978647024,20.212449542689797,37.7744322061676
2020-01-03,10.077449342527203,25.8691466011948,24.711489664172404,20.04491643882605,37.516960981876025
2020-01-04,10.101228829853966,25.983371781697997,24.975208417333647,20.37717322139288,37.72574751713867
2020-01-05,10.125043766087174,26.080944849122545,25.194423912046815,20.616379475324948,37.98663598030586
2020-01-06,10.148886956075103,26.074360653551153,25.198042490967538,20.61935355242663,37.908910420913315
2020-01-07,10.172781273095083,26.553489390120887,25.9254663693672,21.602063766310437,38.81135007674018
2020-01-08,10.196698640607508,27.380586065021035,27.028739666868873,22.870896429824512,40.267982142718466
2020-01-09,10.220584224273011,28.096626839963164,27.938746700149295,23.841746561558494,41.47546975105348
2020-01-10,10.244395687979164,28.8252847667425,28.882708411479427,24.94841889088201,42.94240308660798
2020-01-11,10.26834308633643,29.555623735996335,29.830476259941747,26.063036418559676,44.33430203936268
2020-01-12,10.292206944837986,30.103148235488277,30.537675165575195,26.897496493802578,45.373602666499465
2020-01-13,10.315984932240951,30.776621249123735,31.419260206511325,27.937274174227213,46.68469153934373
2020-01-14,10.339638812421441,31.060074523647557,31.695660788703833,28.119183912451405,47.08681342664795
2020-01-15,10.36319252637739,31.695288540985928,32.79216731895471,29.50685258338646,48.49320182046307
2020-01-16,10.38667369395543,32.42839097634075,34.04256494769686,31.313865644570342,50.285523606105414
2020-01-17,10.410158527142556,33.231306174982535,35.35769240359588,33.050625450258224,51.94464449273693
2020-01-18,10.433444841387555,33.91674617470301,36.560702825159694,34.84833350879043,53.8676790335918
2020-01-19,10.456724293019107,34.747141105922935,38.01042654008455,36.90587268645683,56.06368375548087
2020-01-20,10.480020221641098,35.24896057036142,38.914522638243994,38.22220105303978,57.48805494674417
2020-01-21,10.503403123008226,35.76148686832471,39.86574504136351,39.65277210602292,59.16880590743921
2020-01-22,10.52689122954206,35.75320294273925,39.91256165110465,40.093294755449506,59.74058374509096
2020-01-23,10.550479209729929,35.68251277854756,39.86388229889684,40.22988862573021,59.976050469214385
2020-01-24,10.574132044700718,35.495019784660826,39.64309750523972,40.151545256020256,59.820126395455276
2020-01-25,10.597837192951772,35.151595461308546,39.1270151901129,39.57693005414356,59.104158678311535
2020-01-26,10.621643609433761,34.71832387549847,38.43097872603337,38.78062383855064,58.08885885435896
2020-01-27,10.645544109064701,34.683464065477835,38.40949810739079,38.848285693371594,58.05033561893541
2020-01-28,10.669537592123405,34.890843917062455,38.669302841019515,39.25402876783906,58.28792028801473
2020-01-29,10.69359293326329,35.35111957723683,39.24577274392243,39.97432903484963,58.89201330496968
2020-01-30,10.71772215504896,35.81902022421093,39.829758918527205,40.760030598019256,59.61563312197481
2020-01-31,10.74193564785594,36.70385110886514,41.13996437020427,42.58549003623767,61.513186670674855
2020-02-01,10.766267451983055,37.40363560222124,42.16084363935627,43.976915204656564,62.905340902659475
2020-02-02,10.790707468838434,38.22254563748507,43.40890487698789,45.6933484349461,64.61934805111213
2020-02-03,10.8152966990952,38.84761518548018,44.42305161760572,47.18447207144368,66.06097359138039
2020-02-04,10.839964300636012,39.26281262855335,45.20326931500725,48.42152841183821,67.1544391914571
2020-02-05,10.864684809127226,39.274437055932964,45.447675092150575,48.94598071324367,67.58332473020869
2020-02-06,10.889485695775917,39.6700950794671,46.37479815350082,50.329010307634945,68.7993882414417
2020-02-07,10.914491922552358,39.99875534381454,47.188214902255595,51.616015305337754,69.92298504905247
2020-02-08,10.93953262283901,40.575144295986064,48.52299519387867,53.683891591770674,72.18293959706239
2020-02-09,10.96471885871614,41.14537359016981,49.77097062039462,55.54798170702645,74.62607467864973
2020-02-10,10.98988602962703,41.88712304398399,51.18710908621563,57.75225955656788,77.33809430620727
2020-02-11,11.015080015152122,42.44964868510368,52.31873540254142,59.71831022030568,79.81725739842506
2020-02-12,11.040291256535426,43.36648292546056,54.03361472577953,62.35595459994565,83.23312634781942
2020-02-13,11.06546408179463,44.1382513866273,55.76738195185368,65.11929420284463,86.5714422689498
2020-02-14,11.090447250649916,44.713411521176425,57.19234580546845,67.43239743496366,89.25926072399417
2020-02-15,11.115445353148715,45.3347928758069,58.73761664698452,69.90960049956851,92.04894135570515
2020-02-16,11.140389878733131,45.539803615532605,59.52446662368223,71.2145158029893,93.43643247733092
2020-02-17,11.16545848150335,45.58412771070931,60.0331727660047,71.85901977442927,94.28874419727234
2020-02-18,11.190557789123716,45.690735921980746,60.73739852405785,72.5234307880236,95.07734896067149
2020-02-19,11.215688306083337,45.84384777414965,61.50004008457793,73.21689039861562,95.7633873709855
2020-02-20,11.240909243587893,45.4085728065628,60.949901998978646,71.96246726570243,94.69612992045643
2020-02-21,11.266253286917035,45.011471623836485,60.3794868193516,70.59207178253845,93.63260474417285
2020-02-22,11.291635577556463,44.552648620580925,59.618835894437325,68.86333539296712,91.98212121976539
2020-02-23,11.317034947861998,44.416540840424204,59.425486933805786,68.13184794018392,91.11005654661517
2020-02-24,11.34237276434763,44.493726695642465,59.66890940077505,68.16197001901148,90.94143200554063
2020-02-25,11.367710874922835,44.47406637053629,59.60701821031111,67.83599528503012,90.42283957270035
2020-02-26,11.393127608341416,43.8624158162018,58.48784401002328,66.08460408170427,88.26830043887657
2020-02-27,11.418630417537287,43.22393136316009,57.32628168408817,64.22074968895265,86.19158215971987
2020-02-28,11.444147778216703,42.58019022043686,56.17993510483572,62.43920687114263,84.41043854988098
2020-02-29,11.4696753328723,41.82598135421961,54.84373550944784,60.409214352257436,82.51116999764548
2020-03-01,11.495206135388628,40.942766409698265,53.29203416859585,58.169059106856196,80.48465986034157
2020-03-02,11.520737492615751,39.80993522112081,51.28300061888214,55.20314475696861,77.63747711700677
2020-03-03,11.546352653629,39.16945519304875,50.1102179368215,53.37450492562331,76.20845014062115
2020-03-04,11.571958598420025,38.68380911229926,49.23239081711503,52.10943048549552,75.72569434919245
2020-03-05,11.59755536955143,38.67508592500431,49.208384013208274,52.16492537463387,76.43169199682
2020-03-06,11.623141280414444,38.8866324040377,49.46952603842499,52.614040203860185,77.2986184670689
2020-03-07,11.648686571598844,39.27103773134377,50.11770118254577,53.55527876507648,78.482375502384
2020-03-08,11.674175056440305,39.61829580007344,50.760955177771876,54.30086693713477,79.38684660641132
2020-03-09,11.699638910825684,39.19572270531103,50.01246684581997,53.209300409402715,78.55208587409459
2020-03-10,11.725209702522406,38.41038111696014,48.7176178591597,51.3350150782251,76.83438001877556
2020-03-11,11.750833808762621,37.7435109902178,47.65863542695695,49.75251603424479,75.17036938425372
2020-03-12,11.776475573298455,37.05714057158622,46.47946404014647,47.88068919864634,73.0500255322973
2020-03-13,11.802233708445641,33.80135314933247,41.252511237362,40.67108596640102,65.10640025298244
2020-03-14,11.828868205855116,30.638925851536897,36.17687937801168,33.87680084097772,57.78372283918395
2020-03-15,11.855613414166982,27.237338241944215,30.766482473514515,26.80895991100664,50.18776308722798
2020-03-16,11.88333854209344,24.719342103086518,26.90083167617763,21.886303794721854,44.651052817311154
2020-03-17,11.911484871841452,21.803680302540855,22.331490860339585,16.16027868873249,38.10480299681285
2020-03-18,11.939704760238016,19.11057222624467,18.06102531257025,10.803209253775663,31.84249422087362
2020-03-19,11.967940887801674,16.303936250173464,13.768362274694326,5.56643899365497,25.758694737736903
2020-03-20,11.996032544422803,17.4802259172763,15.45819509938049,7.711153442377821,27.984923045663322
2020-03-21,12.023218212202451,18.099505888800834,16.050619669281772,8.285194160053607,28.42225210814226
2020-03-22,12.05023521143238,19.034623546692615,17.148410767468903,9.534182661639335,29.690884915698774
2020-03-23,12.076129168963348,19.455359494267512,17.515989959874474,9.879217885469359,29.965353015278993
2020-03-24,12.101241497664915,20.922486975396097,19.46209142462436,12.028690036610982,32.32031490038014
2020-03-25,12.126018297849313,22.264735124947876,21.22327116345724,13.918877666708653,34.430395396771786
2020-03-26,12.150475481891618,23.542140007175902,22.859845804022882,15.638753979498674,36.300218723689795
2020-03-27,12.174732639263908,24.075247800246785,23.425313832613853,16.20379896886412,36.882971554435215
2020-03-28,12.198866978086585,24.25253662456248,23.564074972624283,16.38826350464352,36.922728434502375
2020-03-29,12.222856535080922,24.360382034165468,23.656998871825408,16.55859855567968,36.92180412824899
2020-03-30,12.246707746023276,24.446916277675754,23.79565705499273,16.794970198228498,37.08664368136891
2020-03-31,12.270424038514577,24.40168169236388,23.68188063406602,16.794574948709425,36.95254876412179
2020-04-01,12.294032482795004,24.12928194402977,23.29537969854431,16.56510482041844,36.624454650528605
2020-04-02,12.317561880306599,24.104415913975515,23.266519129995686,16.742035388998133,36.756405673642405
2020-04-03,12.341046959189384,24.179362224572856,23.391540060789467,16.933810375060446,36.92566080231552
2020-04-04,12.364477810816624,24.555177287321726,23.982905283233492,17.705150429359236,37.743525882197446
2020-04-05,12.387892851700258,25.164438478772553,24.841896749225185,18.75714457522257,38.839404960956756
2020-04-06,12.411306906208083,26.02147085666428,26.04232875216769,20.236856576049917,40.36997914458959
2020-04-07,12.434745280718744,27.02150229813924,27.779510218478677,22.40814264033085,42.59935557192236
2020-04-08,12.45827402935268,27.86971464159255,29.232183001368412,24.196647752193485,44.55133207546899
2020-04-09,12.481928919243728,28.68299951771806,30.742411569984796,26.116634206106795,46.8616072673627
2020-04-10,12.505629433111665,29.2666337195634,31.860965158462562,27.61048251771328,48.87680530660336
2020-04-11,12.529357477873049,29.492395603863628,32.386518514239924,28.247063233923683,50.07328766859405
2020-04-12,12.5531309834941,29.614613004243978,32.761221556583706,28.6740554969399,51.12531813449837
2020-04-13,12.576984087374598,29.829924540263818,33.26261053615525,29.309324797192573,52.43630307155905
2020-04-14,12.600909579719655,29.430317817365676,32.61649756402045,28.65545956086575,52.35230829482751
2020-04-15,12.624820097046694,29.15037571795375,32.214665372126206,28.330748665331186,52.38084615439885
2020-04-16,12.64868092052302,28.492228853155183,31.18862181326628,27.16242650715874,51.37269635992757
2020-04-17,12.672537862582601,28.33696001862259,31.056146947247242,27.021901341072564,51.38079050801136
2020-04-18,12.69637808580083,28.571720441200767,31.519277045360127,27.687618635642423,52.15626040235682
2020-04-19,12.72014063905624,29.055903553462997,32.52240935198685,29.055509375724114,53.67123786792476
2020-04-20,12.743805441114887,29.372023200649664,33.21286775314809,30.00072169162692,54.64959651495428
2020-04-21,12.767387437067413,29.47338792324385,33.55438135331849,30.34724199675543,55.01976749673619
2020-04-22,12.790947772957566,29.54999434079309,33.83727077115975,30.61386376232312,55.35775710748629
2020-04-23,12.814456368684588,30.117925196994463,34.91189523970371,31.91033055887877,56.79730067055422
2020-04-24,12.837911694720091,30.466346192238433,35.48264249809739,32.7176239183062,57.610226295195076
2020-04-25,12.861363155144602,30.94392816541773,36.25435035484395,33.76372831445059,58.69098098350423
2020-04-26,12.884884563562395,31.236167316581174,36.66880986124613,34.3637537757952,59.22187950784286
2020-04-27,12.908499741830042,31.786072668414704,37.5188137282191,35.593763296727076,60.5163403264464
2020-04-28,12.932211600754385,32.65890785803845,38.84468308960612,37.477000307134915,62.49602512598105
2020-04-29,12.956001877449708,33.52584189225567,40.17800507037995,39.421949316022506,64.43269082429879
2020-04-30,12.979901381161227,34.9630141611791,42.21287779412435,42.07627348416119,67.11013368640718
2020-05-01,13.003914181172263,36.00779515165638,43.6401565987297,43.75596654705171,68.78897965878281
2020-05-02,13.028027943555756,37.131910244008054,45.20946838973856,45.65234901979423,70.65538134766695
2020-05-03,13.0522189733895,38.28700117866896,46.737272351624966,47.462897023346926,72.44678286303775
2020-05-04,13.076432495794336,39.23119569231028,47.933380303129525,48.717596479631425,73.60059723914569
2020-05-05,13.100628650105605,40.08528475771803,48.997218113838784,49.79109089048495,74.60034039591906
2020-05-06,13.124809620695856,41.011819903821504,50.10332197175421,50.77698486244162,75.59517124595365
2020-05-07,13.149011770120438,41.232637777367074,50.09556749034758,50.43966441131465,75.15894858434797
2020-05-08,13.17313173388807,42.2075999400347,51.232902677104676,51.42827637837462,76.19350934351482
2020-05-09,13.197174568974447,42.89835454643918,51.958330698552686,51.93144317878131,76.74199902290997
2020-05-10,13.221096636830424,43.30271724843567,52.327918344521834,52.04743209251919,77.01634607238412
2020-05-11,13.24491195813846,43.12499165577762,51.785626395288205,51.151899396070775,76.27065791546136
2020-05-12,13.268651388883626,42.85469577195684,51.1533437489249,50.17159203387294,75.36246194344517
2020-05-13,13.292267198235322,42.65294940579821,50.6759538053405,49.53522119130142,74.85140859314214
2020-05-14,13.315698842325702,42.76393834689975,50.774061370157256,49.591204379278906,75.0568109246233
2020-05-15,13.33914335570968,42.63202251301496,50.48085403412719,49.214432038831944,74.75576540662871
2020-05-16,13.362533298643768,42.223239932849566,49.75735621321306,48.26400425893925,73.81711603250645
2020-05-17,13.38593426678898,42.06642215510351,49.42374912101269,47.78486588155374,73.26767976618777
2020-05-18,13.40935731719091,42.8012647832891,50.50381710169202,48.93384298915319,74.3691703688296
2020-05-19,13.432778899209893,43.7097731944078,51.93355784813755,50.55947261284416,75.99353072210292
2020-05-20,13.456229538898043,44.4993914083168,53.16453846151424,52.01923131566326,77.41110949302421
2020-05-21,13.479741266746032,44.737098134257195,53.583701770554256,52.64505419610836,78.05586873969264
2020-05-22,13.503224933688031,44.26275234738907,53.00603719715437,52.16819880337033,77.53469680210696
2020-05-23,13.52676005102883,44.23401885002835,53.164557474106914,52.66296489971489,78.13840416787849
2020-05-24,13.550308353143492,44.154761121298634,53.16942720626918,52.9277425227813,78.46251995339946
2020-05-25,13.57390557193051,43.53564154752195,52.40948868135001,52.30633992698304,77.85441909378793
2020-05-26,13.597535813528935,42.95980972296107,51.62449827971466,51.6500387123987,77.26833810989154
2020-05-27,13.621198256186517,42.30336145884044,50.71946091455976,50.691722533381636,76.40406673791514
2020-05-28,13.644905157786752,42.07914578650815,50.44394336838036,50.37106367158779,76.0898377216312
2020-05-29,13.668653060708692,42.53971660088138,51.25949112971247,51.633539553384054,77.33616773800114
2020-05-30,13.692412496924874,42.836227295806225,51.796814382522484,52.541850893725666,78.07821832685855
2020-05-31,13.716218059130412,43.37662619549593,52.94137780387777,54.53000823937208,79.84845195354978
2020-06-01,13.740055029478071,44.05120205719123,54.148916985805755,56.58393703722689,81.75318849965745
2020-06-02,13.764020280537977,45.147165870461095,55.99678277471534,59.36578334666416,84.41176554973094
2020-06-03,13.788114895992493,45.79092023006561,57.23252300435877,61.479180032512204,86.37671408662771
2020-06-04,13.812347505193742,46.295073582420116,58.311572226939404,63.59387309592921,88.38751618543793
2020-06-05,13.836720416048834,46.581733554928775,58.97039416298085,65.0856065243614,89.79822643947546
2020-06-06,13.861268956834294,46.83365904439293,59.52523345545745,66.33748723961293,91.02788056017204
2020-06-07,13.88593661655743,46.85565775402111,59.53411160803407,66.62549364242287,91.31172470570334
2020-06-08,13.91070174560511,47.1110586306616,59.977712380512486,67.39505617938926,92.06305818374821
2020-06-09,13.935468791312374,46.872108724543835,59.686449068662114,67.24554445468237,91.86530816887827
2020-06-10,13.960268940558038,47.09063045757222,60.01322328723967,67.64841465584388,92.25401512870656
2020-06-11,13.985115256015277,47.28015424678716,60.263098021229865,67.79456577646178,92.34989518123245
2020-06-12,14.010008947429213,46.96103085896692,59.743328406892715,66.74909282061736,91.17743846630194
2020-06-13,14.034917302484473,46.865178803842525,59.595928983555126,66.2792218036891,90.62833809851301
2020-06-14,14.059912189654767,46.74733217654688,59.409203771362144,65.76739454827987,90.10048834131382
2020-06-15,14.085000311903912,46.46105917153659,58.918990438232726,64.89149873876045,89.15952026324118
2020-06-16,14.11029043166181,46.193070123012916,58.40378344956346,64.00092282577185,88.12083970965841
2020-06-17,14.135698931439777,46.019517122055134,58.086342024777565,63.423830954049464,87.42237505467887
2020-06-18,14.161173486922536,45.710079563647014,57.54704556611625,62.77099404921171,86.6768512045414
2020-06-19,14.18673214605235,45.7823360015617,57.61543691864435,62.99261731599421,86.96032781912675
2020-06-20,14.212383351794216,45.663464504636266,57.355381448462396,62.64455487106693,86.64150273397706
2020-06-21,14.238032459321829,45.57203752638162,57.11302104791389,62.302665300525035,86.33085223380832
2020-06-22,14.26366862044631,45.54507907537379,57.01507035300358,62.14852231131351,86.29119835336923
2020-06-23,14.289224739747297,45.79182916714072,57.45876587183358,62.694660858981166,87.0377705627923
2020-06-24,14.314736012089014,45.91917462222551,57.70585288231072,63.00508257525678,87.67938458467088
2020-06-25,14.340232981794145,45.83133220478595,57.616082870742645,62.820405659027585,87.79009979285715
2020-06-26,14.365684207755478,45.7671357704244,57.555705497223954,62.70141574300675,87.99207980420371
2020-06-27,14.391095560882889,45.69798626455838,57.48576115440312,62.63116038573935,88.15739611121691
2020-06-28,14.416501295040945,45.45599960190637,57.1043484603959,62.06827349971681,87.71430946388256
2020-06-29,14.441925731454319,45.36259113154881,56.959217527196984,61.88103608077452,87.63614946265488
2020-06-30,14.467367878808375,44.98660342407197,56.32569371438072,61.142162621138965,86.95865529120539
2020-07-01,14.492835043759484,44.60998200890063,55.65657426314243,60.37724917522911,86.09963239779725
2020-07-02,14.518309184198102,44.5774644192401,55.55854870092605,60.60540640906373,86.21013904035598
2020-07-03,14.543821581277555,44.46226393061926,55.33917157970973,60.60959864588597,86.12050739111834
2020-07-04,14.569375589479506,44.401336578682475,55.202090460806176,60.80441876789706,86.23056345212274
2020-07-05,14.595007143510045,44.54514238621712,55.47215363842545,61.70150481020147,87.09651666374916
2020-07-06,14.62068077766331,44.54744378696296,55.51091627060646,62.22752534613082,87.5644982275983
2020-07-07,14.646356194703372,44.74181892881393,55.913053564710566,63.3153033434985,88.99273037019489
2020-07-08,14.672050865001097,44.89979811071396,56.27585338449677,64.7448568426525,91.25038578847597
2020-07-09,14.697798303683442,45.13657036573949,56.764179807762474,66.33515811569524,95.27238222225748
2020-07-10,14.723565549435108,45.328236263023456,57.19091003585646,67.79097227895403,98.50638335099117
2020-07-11,14.749354267262063,45.568380287867285,57.67433815966004,69.12555755504033,101.01603999675388
2020-07-12,14.775151916994531,45.707215368405656,57.96377516029949,70.37300034117575,103.53016116714701
2020-07-13,14.800981872401294,45.93655820712695,58.406300466445,71.90365953408667,106.62794828259021
2020-07-14,14.826877878886819,45.88462041148375,58.31784181978921,72.56244509377868,108.17714610451156
2020-07-15,14.852826951633205,45.91091912330367,58.35960952497959,73.14842102059944,109.65170133672362
2020-07-16,14.87877642604505,45.744773229229565,58.05719723843083,72.90866398724262,109.20942422704121
2020-07-17,14.90473648867281,45.66585786914817,57.85000754362031,72.74911103179966,108.9389512325427
2020-07-18,14.930689261543165,45.56801466897326,57.621460426761075,72.56926259248661,109.13472642111267
2020-07-19,14.95663355705426,45.53266528060624,57.52876111473648,72.3493998803481,109.30580507190953
2020-07-20,14.98253089375413,45.48011806262437,57.42525481128928,72.14877439114761,109.18751162581728
2020-07-21,15.008348256574621,45.43596028786288,57.32065866184496,71.77794177437656,108.97315726946238
2020-07-22,15.034064635946592,45.57683994133811,57.54004584219524,71.74439239853692,108.74282978039946
2020-07-23,15.059719089795607,45.92731818604091,58.27681786538966,72.41094104475042,109.14597864193695
2020-07-24,15.085387130701676,46.44354007592713,59.416206242242225,73.75460802479259,110.40334657031795
2020-07-25,15.111047503511287,46.93088825236421,60.597414565616646,75.24404498040695,111.5868595036572
2020-07-26,15.136763166255605,47.607781617113574,62.288637952479576,77.78244904864306,113.50357044839004
2020-07-27,15.162415413003913,48.4169609949065,64.13369798016313,80.36017499030669,115.38966935832067
2020-07-28,15.188033762610388,49.98292788375957,66.96246169448278,83.79682416503641,118.13837604221342
2020-07-29,15.213641154673951,51.28451413826684,69.31144362763541,86.93770702665245,120.61220329792303
2020-07-30,15.239230297523719,52.53760583698602,71.37827619739943,89.534782434211,122.47937530664171
2020-07-31,15.264795579123302,53.76283372687965,73.48691273264637,92.13435972518005,124.36899304701774
2020-08-01,15.290356608087563,55.16104932422206,75.86439471305255,95.08878240531004,126.77935257939322
2020-08-02,15.315847478201391,56.80146620296887,78.70474704515419,98.30795334957614,129.8775722226217
2020-08-03,15.341415760086946,57.73496826675898,80.46523372815102,100.18254632078529,131.63646045214833
2020-08-04,15.367057739561574,58.15054995043985,81.69011155888961,102.14083626021736,133.9711008098186
2020-08-05,15.392823644455547,58.58984844131609,83.01001216340552,103.99986228055604,136.51993865682235
2020-08-06,15.418821023826183,59.26476755006064,84.69256076662913,106.46476937405424,139.53503687463808
2020-08-07,15.444998157952512,59.87415449931234,86.03642721371102,108.45165069435123,142.18435665300473
2020-08-08,15.471450165864155,60.15223484606116,86.70477761404277,109.45602331651543,143.85280337266806
2020-08-09,15.498198310067494,60.14708286555748,86.72960260109866,109.69477728499743,145.2011414032517
2020-08-10,15.525268756824659,60.60190882210972,87.45172471114074,110.776798546012,147.77728719005404
2020-08-11,15.55268138702695,61.03358672042472,88.04286756905,111.4149617482972,149.5749566787812
2020-08-12,15.580391724197057,61.15853976161537,88.07555475614544,111.04991627813729,150.03499565402223
2020-08-13,15.608300526039102,61.06487702068887,87.82659185387593,110.36807071842605,151.1908629186339
2020-08-14,15.636338787200089,61.22374908369093,88.35235326339583,110.65991038275169,152.96167852032093
2020-08-15,15.664354102913535,61.55611577692318,89.35630767182724,111.82908016829072,155.54764106283838
2020-08-16,15.692506888749548,61.78215466690142,90.03744844296335,112.40381307506652,157.37663143955967
2020-08-17,15.720739241310213,62.06956205441438,90.81335079853045,113.26878632657531,159.14028267095654
2020-08-18,15.749144132001248,62.44164575716371,91.59449132815737,114.1748579185265,160.5924817228559
2020-08-19,15.777571255464636,62.919069860416755,92.57868450689821,115.43934965467261,162.32580651357455
2020-08-20,15.80616802558535,63.0920467088722,92.96468712498304,115.78706573281326,162.5544804727515
2020-08-21,15.834909258360952,63.11519928067747,92.87700551211168,115.72521958932808,162.37075324656274
2020-08-22,15.863856732076457,62.841154375456426,92.03409294605365,114.29529701391738,160.49993009103923
2020-08-23,15.89335469393859,62.65185100621852,91.43674783309137,113.22987022391578,158.99612366188586
2020-08-24,15.923025288323458,62.405466999714406,90.70992707448593,111.80090676137166,157.0616938394905
2020-08-25,15.952558173367123,62.06612009629313,90.08278660169577,110.60286781547123,155.70073671265118
2020-08-25,15.982074331280899,62.09423368581156,90.10908162744991,110.6236697153584,155.72843606225337
2020-08-26,16.01061022132788,61.65258151094761,89.1908054615786,108.87695068175375,153.80189137352028
2020-08-27,16.03828046381028,61.45772011716491,88.74130824815501,108.01875005451586,152.84245537177665
2020-08-31,16.065021529690398,61.11315542799366,88.48498727588674,106.85294352326832,152.0368735123622
2020-09-01,16.090621527948628,61.17148464256823,88.8303264185088,107.24465060877881,152.36900576952053
2020-09-02,16.11546438420875,61.80132320791927,90.50453133536024,109.7021374620625,154.8073656790054
2020-09-03,16.13977696785426,61.95657790455189,91.21764381892405,110.8055334949187,155.58904674069885
2020-09-04,16.163847042370335,61.32743517017616,90.48739519107764,109.56158077743686,153.7025061131728
2020-09-05,16.1887133436463,60.707324784226785,89.67829662748545,108.43611604276757,151.91248598460163
2020-09-06,16.21431957170492,59.75301915360345,87.9101477312463,105.53039756215313,147.87337156013274
2020-09-07,16.242977852829213,58.67263769802554,85.88548425584463,102.8202926592624,144.48655226726942
2020-09-08,16.27311283468805,57.632323374535275,83.81510979489491,99.84504101350205,141.06457270875097
2020-09-09,16.304315786640018,56.124896309792206,80.63434586585447,95.4880754417764,136.18677279081308
2020-09-10,16.335474661386712,55.11294985098627,78.51973357399368,92.71377385523564,133.11678592236026
2020-09-11,16.366365933676178,55.182045052346524,78.417863793452,93.09861031249557,133.69263758104253
2020-09-12,16.398233161593964,55.095269931506266,78.15802520262864,93.14110268447351,133.76166109432205
2020-09-13,16.430357277497578,55.466764413748194,79.16284713120893,95.46671563681028,136.40952552137577
2020-09-14,16.460199160680006,55.5793703147595,79.42340533503685,96.6934936971538,137.39429050785077
2020-09-15,16.489319950221955,55.88001517133958,80.02788265844816,98.36418291013081,138.8469444538399
2020-09-16,16.518189742211263,56.41985669220867,80.93237380789645,99.69726195717934,139.92994424795043
2020-09-17,16.547513232090125,56.95423143443372,81.6918792637477,100.65658030038537,140.47656683799784
2020-09-18,16.57710247134183,57.42811688408753,82.45883105658694,101.522612341676,140.90278862315796
2020-09-19,16.607000324615342,57.83287323629688,83.01921338043698,102.00896706194285,140.7776114362022
2020-09-20,16.638099478195983,58.260614014287626,83.48419783767886,102.05551313387207,140.16979603297102
2020-09-21,16.669709914504892,58.678310503939485,84.01721298834417,101.83762324214877,139.39718891852533
2020-09-22,16.70071832462355,58.45775725199536,83.38063200012229,99.81792040308352,136.6721666553288
2020-09-23,16.731087568478785,58.257105041233274,82.91821556119223,98.61745381793477,134.9303366158814
2020-09-24,16.761637311467467,57.68762306642276,81.77697368985594,96.43055920610826,132.04946761819463
2020-09-25,16.79256077362686,57.45246913130643,81.06212034801752,95.00461489618857,130.42435033086855
2020-09-26,16.82226858510083,57.22048082876137,80.43659898314962,94.27630915535514,129.87808146333964
2020-09-27,16.850267159906934,56.928230767070744,79.74661955546952,93.59549965327994,129.2650976762734
2020-09-28,16.87759845909781,56.808224471941685,79.44657245758054,93.65301429499709,129.49437228555405
2020-09-29,16.90513422042629,57.02735095530312,79.83995088590603,95.04845157248226,131.0689607933313
2020-09-30,16.93311049547222,57.30318202321189,80.32441882421216,96.66541507151328,132.78484701685247
2020-10-01,16.96109214038887,57.805516578317906,81.32657127476381,99.13021988493784,135.47721540553874
2020-10-02,16.989174540588877,57.78527796511159,81.34568270310535,99.9630879024563,136.08504535486819
2020-10-03,17.01714281526708,57.7257231264237,81.21083337741928,99.96571611445864,135.65545271266296
2020-10-04,17.045205908158593,57.60161070916877,80.97003781988462,99.84727369949462,135.22542365669352
2020-10-05,17.07335523894568,57.55382731511676,80.85751452207137,99.93592467878909,134.88197767591146
2020-10-06,17.101331393954155,57.64983688128484,80.9522011552121,100.14425387642407,134.84100416647226
2020-10-07,17.128739097188344,57.468006789892286,80.52738327577134,99.38807145084465,133.77496074218735
2020-10-08,17.155451268670788,57.369029339214904,80.20419942357162,98.71131865925258,132.87759351443668
2020-10-09,17.181669977658345,57.55062433290473,80.37076232611395,98.84890457173304,132.8885459894576
2020-10-10,17.20765740084073,57.95356590578734,81.04581729429856,99.92706039146313,134.14340970754947
2020-10-11,17.23354011420888,58.52901949269858,81.97510075801617,101.19276872215914,135.5335380675789
2020-10-12,17.25930118596777,59.072489517232555,82.83996911658193,102.20003676782176,136.78163348842827
2020-10-13,17.28512242234291,59.68353490691828,83.91185524836956,103.76673971375845,138.6709669543862
2020-10-14,17.31100469383209,60.35184310888769,85.12467546547708,105.69885984122061,140.90224109804868
2020-10-15,17.337496541830944,60.974219704743234,86.25138471436489,107.45741395292998,143.00524015953224
2020-10-16,17.364121629990137,61.46011302450185,87.1021772337838,108.84700740062709,144.5413049258827
2020-10-17,17.390972148400266,61.64561064360004,87.31786490615127,109.16819522278479,144.87691413630304
2020-10-18,17.418101991119343,61.71576039723729,87.37306856558416,109.36285345018064,145.09414110285636
2020-10-19,17.445450282809617,61.82669535400427,87.53368511757725,109.6816460329706,145.39055045530233
2020-10-20,17.47289594190066,61.956913060120854,87.59567434316233,109.53870528561646,145.09219700407368
2020-10-21,17.500714379781897,62.23536851860683,87.7710874765109,109.1654025302505,144.51497998795384
2020-10-22,17.528976310893313,63.128236447802294,88.92857508620187,109.92223434757628,145.11812896647479
2020-10-23,17.55778792368517,64.14051112834312,90.48875560432214,111.36312182101554,146.69879995042174
2020-10-24,17.58705370412889,65.2548291959759,92.24213405047021,113.12367842660313,148.61736924521338
2020-10-25,17.616107848956858,66.43409986152653,94.07545739656666,114.86099198535368,150.65190089653387
2020-10-26,17.644987333830073,67.4278296242824,95.52936569237957,116.03573092855498,152.0132162225092
2020-10-27,17.673729566728667,68.24307406650757,96.62181324556957,116.88599297090303,153.0724720448111
2020-10-28,17.702517743524453,69.36514178332794,98.30474293343869,118.64596943972441,155.2058224773941
2020-10-29,17.731120198446334,69.65194162605627,98.60909808561794,118.71118851978758,155.45457154354978
2020-10-30,17.759026289704238,69.86892116992237,98.56984560759008,117.95572304061355,154.704597221779
2020-10-31,17.78676528630146,70.15151240928407,98.61253807821089,117.11861471626494,153.79246550706299
2020-11-01,17.81454227122137,70.46604515623869,98.68792507140063,116.27444121041117,152.75026542340441
2020-11-02,17.842365475003774,70.84034240400956,98.99368746323194,115.9326230013894,152.31724086556454
2020-11-03,17.870337393405862,71.10876773787052,99.19380388559912,115.28772410462514,151.465526125518
2020-11-03,17.898060825863453,71.13830615060454,99.22135928025833,115.30898874232875,151.49276668649972
2020-11-04,17.92527438265796,71.29655017096763,99.22176880975587,114.3760864911363,150.1945918790621
2020-11-05,17.952654240396058,71.80983156592072,99.95598837372535,114.42896620877195,149.9541065704032
2020-11-06,17.979211554879214,73.06836133906748,101.74399048481521,115.71055439389835,151.053095804848
2020-11-07,18.005501789327013,74.39615627366695,104.0863993006871,118.40128707638678,153.70758339624916
2020-11-08,18.03184197294442,75.12819778179835,105.48228119917479,119.88780476991178,155.18736414845972
2020-11-09,18.058126406492363,76.27120413371654,107.47505775414606,121.9445877613903,157.30722384399883
2020-11-10,18.084337503629882,77.40463456502712,109.46187851381563,124.16017621964625,159.70689403755426
2020-11-11,18.11038728076076,78.28104875823158,111.15275257305973,126.26832384191567,162.36090088774654
2020-11-12,18.136111412078208,79.29690501715976,112.99590443874553,128.42829473302208,164.97831838051877
2020-11-13,18.16202674223844,79.8214097591025,114.0939116690422,129.67977530852147,166.4862522164765
2020-11-14,18.18772665766268,80.30220094269362,114.87954287309162,130.2120358028366,167.19994616683903
2020-11-15,18.2136051208916,81.0457877604909,116.03959376525137,131.39519388119368,168.4161861464052
2020-11-16,18.23967024014992,81.29840292073715,116.27139276674268,131.36270820514437,168.31269912163674
2020-11-17,18.266105876767313,82.0532286185169,117.33260768490499,132.3471718395896,169.28359868692746
2020-11-18,18.292798445559413,83.33324381152403,119.1862279152725,134.23348923105044,170.95107308848276
2020-11-19,18.319844140803653,84.4396725329905,120.66861605885862,135.60681419780545,172.32668010481825
2020-11-20,18.34712308860466,85.23406431678768,121.7054067546787,136.73735504065647,173.52370822436762
2020-11-21,18.37481128873796,86.44274744366041,123.48244368718463,138.9071795107322,175.53948181114822
2020-11-22,18.40232617167149,87.92931698899653,126.14141062041782,143.3326172237653,179.93852320327807
2020-11-23,18.42992058038483,89.38244490868368,129.00988125690313,148.36452572541464,184.56430588569998
2020-11-24,18.457370438741123,90.5722014444809,131.90013006938304,154.35046219851552,189.65279068562904
2020-11-25,18.48568281946065,91.57847700382291,134.27999057204778,160.44372339669383,195.14981248593864
2020-11-26,18.516889919707694,92.25896852235249,135.94240380153676,165.0138763141657,198.81832203866378
2020-11-27,18.548405862357924,92.1118456305399,136.19121834524267,167.00204696251467,199.8592291298154
2020-11-28,18.58003784785336,91.50318738305685,135.5146754043008,167.7847013573894,199.76568562329714
2020-11-29,18.611758215654305,91.07053304762036,134.8691610557213,168.36936358431342,199.08280555807573
2020-11-30,18.643392782165932,91.0405100812668,134.95367186724167,169.4847844863541,199.37540393043412
2020-12-01,18.674929134309338,91.65059870906549,135.73155146841742,170.7000205182744,199.9332330366368
2020-12-02,18.70587456679118,91.54558990798387,135.47396949613182,169.52585681760064,197.84052622926873
2020-12-03,18.73406765587184,91.86174081651541,136.13363005626252,170.10167865537983,197.90117056363965
2020-12-04,18.762043831105117,93.1777252096692,138.63829137275235,173.67823801114042,201.08825748115078
2020-12-05,18.789992982469713,94.0442290843917,140.18241869700188,175.38293891076228,202.5683445843128
2020-12-06,18.817849420148917,94.84986423916683,141.69371736430554,176.63775119697618,203.72993083425143
2020-12-07,18.845763763658027,95.45735356829465,142.68004364672035,177.27047241867842,204.2334274472397
2020-12-08,18.873808084175252,95.26321723184788,142.25526271481544,176.06289571263142,202.90705181438068
2020-12-09,18.901891183629402,94.98269404405073,141.58675752228876,174.56352844947548,201.3422365325775
2020-12-10,18.929933489616218,94.67276366219784,140.97308274057164,173.3146385281869,199.8832978435555
2020-12-11,18.95805768996709,94.05130532502835,139.69458535625915,171.01095045552597,197.3428807609415
2020-12-12,18.986457082407526,93.73264263191376,139.06553646820097,169.92910638736805,195.97679411954414
2020-12-13,19.015025947827297,93.54939717163421,138.58186489240438,168.62662399926643,194.65022129033093
2020-12-14,19.04349307037657,93.47576791869676,138.3770986177064,167.9403800360878,194.0825826528794
2020-12-15,19.07197107477704,93.51903428245186,138.35989754378414,167.75998261307387,194.0041547930698
2020-12-16,19.100203343376904,94.12828997786451,139.41923865348042,169.02111748241174,195.41870981482526
2020-12-17,19.128152048495238,95.53715588545694,141.7127112560272,171.7607649119269,198.16024726763027
2020-12-18,19.15576286008381,97.76487887341244,145.21380597560176,175.61856810383807,202.33438604318917
2020-12-19,19.183286339023653,100.23140428990996,149.23780974361685,180.32137801404997,207.33910408684443
2020-12-20,19.210841642050013,102.59950261621836,152.98638725732422,184.95519029432467,212.04783882752463
2020-12-21,19.238654424350088,104.53570225978791,155.83057267991833,188.3448723032261,216.13051112658593
2020-12-22,19.266673370776687,106.06431010847504,157.95397757144497,190.3126817782993,219.15191544741197
2020-12-23,19.294805791674662,107.9299424067141,160.6877611646305,193.10156760995824,222.77679753978055
2020-12-24,19.32365911822683,108.6194063043765,161.11766248868935,191.61225323800983,222.22740513087092
2020-12-25,19.352945765308604,108.94480178201582,161.2359562454821,190.8074930411109,222.5053726814749
2020-12-26,19.382540071051096,109.50351192698957,161.6725096967125,190.12624271680926,222.8740321549783
2020-12-27,19.412323994988398,110.47381798741702,162.66946920504978,189.50451522369207,223.08037900103852
2020-12-28,19.442013429026872,111.72631154781715,164.68480929180112,189.72086807243568,223.98812246324076
2020-12-29,19.471852996561807,113.65971506042101,168.21558726587767,192.60318895340544,227.37044501444996
2020-12-30,19.501693905952123,115.27015622501273,171.13696593752866,195.5031628505643,230.3936839113569
2020-12-31,19.53097658043646,117.70099036909812,175.6627261242337,201.21429757409197,236.0079606036199
2021-01-01,19.56051475484159,119.8976848381059,179.5376076227099,205.08447148407953,239.83150359786305
2021-01-02,19.589810983033516,121.80343212010331,182.84927054405318,208.38159410762205,243.92866748450916
2021-01-03,19.618914105563533,124.11132350519813,186.99318721271055,212.48405100659323,253.2527450938959
2021-01-04,19.649114128366023,126.98926654294473,193.01916030048466,219.6359317493476,264.03797588025225
2021-01-05,19.679784294957557,129.11179149999498,198.15225084241035,225.86979849251043,272.78275175261524
2021-01-06,19.71056403763383,132.0852010221311,204.92700267891854,234.14531090520126,283.78397352360525
2021-01-07,19.741807257143677,135.61759981316558,213.02966525714925,246.00834588875057,298.42022681098507
2021-01-08,19.77289986127596,139.8709149791219,222.24184740024577,258.7646137706138,312.52171267964366
2021-01-09,19.804129959254624,144.27711002570396,231.58998723111563,271.4467417492252,325.7170098103082
2021-01-10,19.835509299799384,147.5772829209714,239.44470401226687,283.73316399083495,336.6382759002626
2021-01-11,19.86678956544901,149.66600200628886,244.23051226300367,291.2076121538332,342.7933674442311
2021-01-12,19.897657992846334,151.00362281674714,246.48585514586136,294.4647321836217,345.01144626137705
2021-01-13,19.929473567254234,150.9159634404797,245.98911701487577,294.49961361629244,343.35937481563826
2021-01-14,19.9614342971619,150.9874115625173,245.5924061231704,293.7424077900921,341.1017304234347
2021-01-15,19.993668028235533,150.9221845476226,245.4104879021093,293.3044703842058,341.2610012297922
2021-01-16,20.028632868256523,149.74361290190544,243.44427093453282,291.0473391212483,341.02521630801533
2021-01-17,20.065031677241805,148.55484132802735,241.48730023860355,289.2892579736655,340.13259368385104
2021-01-18,20.100956682920227,147.7881387424901,240.17541435765395,289.5991543347486,342.08249738315845
2021-01-19,20.136930722260047,148.3619639489277,241.98932389165168,293.99309951405365,347.9025513595978
2021-01-20,20.172458365151215,149.56590317482443,245.75849486971282,299.9493003154094,355.20798081478654
2021-01-21,20.20796451630983,149.4524393266766,247.13719959589054,303.070899546722,359.5533407097305
2021-01-22,20.24359111750951,146.9309352780473,243.0541148826531,299.0375054502292,355.723861340379
2021-01-23,20.276869377259715,145.92572469908532,242.03043344932212,299.13065919202387,355.52376979217746
2021-01-24,20.30832938689923,144.6985816301813,240.2914068745759,297.2777619058054,354.6504190759017
2021-01-25,20.33903005686571,143.8965931870389,240.12062459636934,296.6431002917701,354.34478978440285
2021-01-26,20.369165226484853,142.72821020467018,238.86779983361203,294.80432825217616,352.865400359689
2021-01-27,20.398530277628794,141.62594216896255,237.15717478388865,292.58507377768467,351.26205559830464
2021-01-28,20.427798481500503,139.85280248195653,233.9187970604189,288.0979689425359,346.73385485761725
2021-01-29,20.456483064664837,140.89534845541016,236.53414347946887,291.69033707949916,365.9510144448974
2021-01-30,20.485101701436832,141.5161616338545,238.19767231270407,293.66034517502044,385.46176270883404
2021-01-31,20.515112702998607,142.4301488362558,240.25161849307636,297.7679523240112,394.073710507894
2021-02-01,20.54642038995155,142.62173832451003,240.0926067708807,299.4186180062367,401.7022329024331
2021-02-02,20.580685588046634,143.05215168341178,240.93419453113864,303.2415424085206,410.4792219607875
2021-02-03,20.61680664133425,144.22736384715137,243.44973403341362,308.9382772397857,420.0690510063264
2021-02-04,20.653416712080997,147.02472283775444,249.6075924922083,319.45277177498235,435.5812415159678
2021-02-05,20.69111140343908,148.53948494977368,253.12438190932613,327.4245254472956,445.93836931200656
2021-02-06,20.730454476354325,150.198414236361,257.28308618029155,338.9260077169028,456.5863126411077
2021-02-07,20.771182394107058,152.16438959541387,261.6823365152593,350.7201021860774,472.44878865085855
2021-02-08,20.812754185422662,154.28507710083392,266.18759581040376,361.9055251928679,489.72920485025736
2021-02-09,20.85280396130719,158.58160101476057,274.2720650405615,377.0857612312351,510.14700989995345
2021-02-10,20.893902072252416,162.08557461253338,280.5869762153116,393.37031383486874,530.796146819846
2021-02-11,20.93546710120158,164.26541456402066,284.11956144272284,410.67403004108803,550.7620348721442
2021-02-12,20.980710930319788,167.54183861337418,289.8228314029418,428.1737191374866,569.0554957866543
2021-02-13,21.026214273180756,170.22987183344986,294.29255445596755,443.1576922854365,585.5481008391014
2021-02-14,21.071796924919255,172.42490609751485,298.1011479719476,455.60987792384503,599.5465500821892
2021-02-15,21.11961955906233,175.2108447630576,303.1182874669316,468.6843540408155,611.4023904789307
2021-02-16,21.166971884668072,175.69232223075358,303.92306591282795,475.1113067133251,616.1561912480511
2021-02-17,21.214597489501756,176.42975878849262,305.0477631781323,479.5327613059774,619.0387124324626
2021-02-18,21.26146532199779,178.4233012829211,308.47082178424506,485.1655555720265,622.7622254490768
2021-02-19,21.308106204400246,179.6182022820318,310.9700649868262,492.26833064354366,629.5521967084608
2021-02-20,21.354426482734226,181.92193015030045,314.96391324374355,507.9978350190221,644.2001665479465
2021-02-21,21.399854705509057,184.37376503215876,319.1310005500385,520.0317702248211,654.250440976157
2021-02-22,21.44282227320727,186.71712195553346,323.23260180256864,533.9616751699413,666.6361481478062
2021-02-23,21.4869435902001,188.29457793444203,325.60374557726925,544.7102898342646,675.4041139912854
2021-02-24,21.531263889989958,187.97361008638666,324.03559654297715,546.7317944805266,674.9284328535512
2021-02-25,21.577414957223965,187.2503572697617,321.8688166658824,548.350622714388,676.9226524326168
2021-02-26,21.620647628814737,185.66124467840098,317.1501957977216,544.1833163774991,669.8905276834994
2021-02-27,21.663829679213748,182.88664318352505,310.3965573237554,533.2106572869534,656.6938214089399
2021-02-28,21.707200992795634,180.08617780641976,303.92941769497185,525.1499800596096,646.5910327420113
2021-03-01,21.75029823896182,176.4183149469199,295.76978326651954,512.31886382893,631.2971989615969
2021-03-02,21.792455687608154,175.0434309211032,292.56509001731627,508.28757709874776,626.653689848229
2021-03-03,21.832513502681536,174.96324442601838,292.05577579593756,509.6906007663439,629.2427268737508
2021-03-04,21.87191739209584,175.12655512797994,291.99342522626915,509.91527996238494,628.9550731270713
2021-03-05,21.911307487442883,175.71178188624748,293.2532210257647,512.0304529841724,631.3967589003737
2021-03-06,21.949663104900893,176.50785200037615,294.87202240626675,513.9034120569123,633.7387462721791
2021-03-07,21.98747787994293,177.3850894345465,297.13631561338264,515.6049714194689,635.9713383673145
2021-03-08,22.024600655165756,179.40106225079285,301.7444125369646,521.8602296718615,643.3044557200822
2021-03-09,22.0619358913672,180.41604766595276,304.65606952213557,524.1132271569302,648.3443417224705
2021-03-10,22.1012644751506,182.43052791232702,309.559000759782,532.5778101793825,657.9063638495107
2021-03-11,22.140813653916382,184.05843662582754,313.08294141293305,537.7744439965621,663.5414907213269
2021-03-12,22.181020016553504,186.59484735776323,318.2198365961874,545.9936788952253,672.8883015080754
2021-03-13,22.221404279793006,188.8494079174502,322.69473079320426,551.53402147211,679.2390265145659
2021-03-14,22.261442668625165,192.03842498279403,328.7113322071533,560.1167423451982,689.3798755637949
2021-03-15,22.301953629093646,194.07753150704718,332.39383733982635,564.4575694475324,694.8610343294531
2021-03-16,22.342416786745048,194.8455976604182,333.2654844986592,564.5410389539943,693.3882409137873
2021-03-17,22.38170123204941,195.2951803860392,333.59437409375323,563.7240847880984,691.7438302046169
2021-03-18,22.421138645697113,196.03708199402337,334.8005129745792,566.9975088825975,694.9529981097218
2021-03-19,22.45992407874158,196.06506560308435,334.5850013236838,566.7831267379781,694.51613071503
2021-03-20,22.498588936686872,196.36893244184063,335.2510257470775,570.0327893523125,697.8236424919239
2021-03-21,22.537566345655023,195.65113374443723,333.6090272775568,568.9748415964632,695.7832887626569
2021-03-22,22.576340961669857,195.20763608913296,332.54579933966005,569.2193308966278,695.1641066043146
2021-03-23,22.61597581307697,194.82006981702153,331.41504023347665,569.3201189441878,694.1486673661539
2021-03-24,22.658386981371365,194.2162639708029,329.80388578764365,566.8877414613019,690.3928766048033
2021-03-25,22.699766142153493,192.53339880495326,326.0197159472791,558.9055609980646,680.6311494926069
2021-03-26,22.740449988532262,190.89451918216537,322.58289953303614,552.8492640727084,672.8428533060116
2021-03-27,22.78095086353585,190.07615926689004,320.7458374782482,550.2477457760847,668.4953412884333
2021-03-28,22.821097999785806,189.41983921622818,319.21148269614116,548.3648919553802,665.1185518981614
2021-03-29,22.8610519897681,188.92237564498487,317.9203720946857,547.0588477186923,662.4566229252323
2021-03-30,22.899716983487878,189.8902389322643,320.0174177463515,551.2417952390181,666.0698671510778
2021-03-31,22.93429115196767,191.08353810490854,322.63532465454784,557.2616245044077,671.7547286731352
2021-04-01,22.968985669077057,192.98078677775925,327.17705177873734,566.7485668725683,681.3971580570941
2021-04-02,23.003841410569237,195.16147414247075,332.3729661809005,578.140152743371,694.3866864110898
2021-04-03,23.038857282837284,196.63244013584938,336.7696651238201,587.072576538086,704.4832641888811
2021-04-04,23.073827977274135,197.31351528485067,339.29585293724654,592.5238243230564,710.2467036526115
2021-04-05,23.108727268385763,198.36652603258307,342.77831995322384,600.5832011960803,718.8737304678592
2021-04-06,23.14374316695384,198.97122368127071,345.0305296913417,609.303613735145,726.752338152523
2021-04-07,23.178503828883805,199.1964503412321,346.6739283765839,618.7270023999718,735.8795966140472
2021-04-08,23.212574614294965,198.74002639623274,346.32360616253845,622.7540400894859,739.130118200135
2021-04-09,23.246077099835844,198.75043215938234,346.8456677963133,629.1660277991178,743.2718990637748
2021-04-10,23.278872243417368,198.53320421977412,346.20170235776055,633.8109660423305,745.972359338213
2021-04-11,23.311285637124982,199.36816605825715,348.0263372985815,644.6836914061238,754.2259340322777
2021-04-12,23.343319087413562,199.88630395486484,349.12472795916204,654.5734406611214,763.7760010446666
2021-04-13,23.375892679164906,200.25160107999704,349.86370072149117,664.5186949859018,772.5787748436193
2021-04-14,23.40874915198036,201.71699638745883,352.9253621039466,676.2307850487484,785.0546779192473
2021-04-15,23.44175172927099,203.68882103436425,357.9109416398576,692.8845709909075,808.3214842135276
2021-04-16,23.474887089897635,205.2928638265726,362.28301078225127,706.6455340031972,836.6779511530962
2021-04-17,23.50980972590864,206.4224559773981,365.5616241654128,716.4330634846452,881.7571214908969
2021-04-18,23.545585621225115,206.74110116574377,366.9183279512064,721.5266467479482,905.9683955503825
2021-04-19,23.58181103948459,206.10054283614505,366.3404847022658,720.5290221611747,922.9028403567387
2021-04-20,23.61778738870457,205.28042904297155,365.1825255605857,715.682364863347,938.9034997979588
2021-04-21,23.653427839848803,203.77913004778543,362.9618601470032,711.151721579746,947.8462926719676
2021-04-22,23.69001553229573,201.89239456719025,359.8261591310731,703.7593333800198,949.1358068825759
2021-04-23,23.726215322023208,199.36942310785292,355.5876670298013,693.1519368137692,942.1370797206991
2021-04-24,23.76114415746696,197.0291269792507,351.7509927566486,685.2368680640371,929.5608492874394
2021-04-25,23.7950484071754,194.61402868697866,347.499283479027,675.4102514951364,918.7179505938687
2021-04-26,23.82830862245862,193.00615406134273,345.3004047259609,670.4415680871194,910.538900791105
2021-04-27,23.86071511769825,192.98644352138876,346.78171496652766,674.4332315153246,908.6271448237723
2021-04-28,23.892787532395005,193.02401538302456,348.1510526531232,677.262545309569,908.2944561909551
2021-04-29,23.923589730317715,193.56450770933685,350.4811488604015,682.6895513161531,913.7211048799281
2021-04-30,23.95446762351942,194.30246834163825,352.91703899069194,690.6937475126198,922.6354902463718
2021-05-01,23.984646710559304,196.30771779458848,357.6071407320617,702.7656075447848,937.4211021886997
2021-05-02,24.01482960463815,198.81230046832474,364.2972004846045,719.5413385089892,959.6893823652745
2021-05-03,24.045070034126212,201.19022851208865,370.4172670145716,734.9688787153593,980.2978034191776
2021-05-04,24.075472482402034,202.72625327991744,376.15888184139266,748.9046277661396,1001.8966412126306
2021-05-05,24.10747446362646,202.89265981044252,378.5451191768131,753.8373960585197,1019.6629426993445
2021-05-06,24.13926404038537,204.14207276933598,383.2118832004329,765.3702948121381,1045.2656290379855
2021-05-07,24.171017476043005,205.41047168026694,387.718108052909,777.1491048354533,1067.4143479788054
2021-05-08,24.202846028738563,205.86661785406636,390.8084592031185,785.2954179846631,1088.119073586576
2021-05-09,24.234599915956977,206.81099524354556,395.4389370161944,795.7483104142078,1107.0530001755587
2021-05-10,24.266266195679577,207.89006690560353,400.23518168659905,808.4004520122143,1127.7601185171343
2021-05-11,24.298007385559373,207.98951786108887,402.0209199181345,812.9038182298343,1134.0137304455284
2021-05-12,24.328392226304743,209.43659371627393,407.16356082306675,826.9169966150142,1146.9405390837505
2021-05-13,24.358986997755977,208.00353022901766,405.9087381947333,824.771952658627,1137.7445279079993
2021-05-14,24.38963244912216,206.67552942991472,404.44121209787437,823.5514538246584,1133.3503018449858
2021-05-15,24.420490261752377,205.3093809868086,403.86072469401716,825.7673291223979,1131.7994948604119
2021-05-16,24.451651358964867,202.32453891094303,398.2181366357529,820.4369672180002,1120.279613500297
2021-05-17,24.48318956504103,199.31878485644444,392.33472129739516,813.7769586648495,1108.02879345283
2021-05-18,24.51595319955416,195.9169397605657,384.8128586777032,803.2976782280358,1094.5889589206283
2021-05-19,24.549996245343422,191.9404840101945,376.09362655779375,789.2461786957481,1077.2311289163426
2021-05-20,24.58476953396051,187.78745144323568,365.3476474819467,765.9528882061613,1047.7600288623414
2021-05-21,24.619641172203018,184.6439964059727,357.40993764078235,748.0859648617861,1023.7894905528183
2021-05-22,24.654329206149484,180.14349363024786,345.1713290810971,717.978678601768,982.5223252874514
2021-05-23,24.68855390722328,176.6436168492113,335.35279581517807,689.6494974158418,945.9323989260922
2021-05-24,24.722766264168513,172.27083998226362,323.61208576700994,655.240583385757,901.4496621985577
2021-05-25,24.75546152542978,170.30007923462762,318.30712854755564,637.3342680977763,878.0564202921282
2021-05-26,24.78641393437846,168.33137997363121,312.7775944715159,618.4431207180442,851.9258795932601
2021-05-27,24.816202766512987,169.32593783278645,315.6520499573139,625.2367025058586,861.8576327119877
2021-05-28,24.846857058188817,168.80107907669606,314.7017129641092,621.4946285030314,857.8107312697529
2021-05-29,24.877218779687908,168.3627897772045,314.06112519364837,620.3682400546234,857.0166600724697
2021-05-30,24.907559134772356,167.56028092394382,312.7665262501457,618.2982170964544,854.8997757658827
2021-05-31,24.937244789362722,168.05023011094556,314.4817273449947,625.1191952363105,863.4765704384495
2021-06-01,24.966814441099615,167.7485589293659,314.23914583662446,626.8773602022649,865.7795278300338
2021-06-02,24.99628269995233,167.27324822026532,313.27105102311594,627.5882841059275,868.3499104842087
2021-06-03,25.025693852552735,166.65758173978486,311.7294755971056,625.9385848761879,868.168576837071
2021-06-04,25.053684958839085,166.95122284499473,312.57281953896927,630.6296703392899,874.7774987971889
2021-06-05,25.08161035765835,167.58130217541498,314.44301110161973,636.879198277818,883.0536492169261
2021-06-06,25.10936249827452,168.11882898376854,316.40100843524834,644.3338069136644,892.853212291593
2021-06-07,25.13699278893054,168.4388487034737,317.95939008427627,649.6675865033707,900.4841238861086
2021-06-08,25.16458369858988,167.1815301994602,315.55858565375405,644.5570306302448,893.8543970782541
2021-06-09,25.192331163385575,166.1690509599154,313.61847241766776,640.170566543873,886.3370501084598
2021-06-10,25.220090984634055,166.10100215278544,313.1743607013446,637.302302698052,879.5399831379347
2021-06-11,25.247689730798157,165.1570642752987,310.4389386045027,628.2384525876706,865.6723280986555
2021-06-12,25.275028209122866,165.05764359270773,309.1142106564462,622.1916619459257,855.4193159479098
2021-06-13,25.30240232723409,164.9516055031126,308.08559888218457,617.566071823068,847.193332245399
2021-06-14,25.32974905911132,165.89740268955995,308.84727041856723,616.1805379560518,842.8449321582535
2021-06-15,25.35850489675522,168.2052345303722,312.406323269821,621.1106669699074,847.5494960116961
2021-06-16,25.387117259328562,170.38287898343094,315.86002667373504,625.5514389618387,852.0933166424606
2021-06-17,25.41568666100906,170.45685539954468,315.0381163035788,621.7464941419736,846.4321485159492
2021-06-18,25.444414906521686,170.80702634028853,315.17351623024047,621.200369907537,845.5427943048146
2021-06-19,25.47333069579568,170.32632250422245,313.9610477365987,618.85634159287,842.6674086552885
2021-06-20,25.502156185293202,170.17858905726615,312.96622279438486,615.8769643657809,838.7514493712124
2021-06-21,25.53092256980497,168.98608929978155,310.13381926116335,609.7145199845055,831.133338290268
2021-06-22,25.55820892655781,165.73271356685393,302.56638182199265,592.2410805339398,806.9234008102951
2021-06-23,25.58561828481136,162.72625306393138,295.3482251895093,574.3302580394752,782.6791586339623
2021-06-24,25.612979533251945,160.9464535329987,291.0912426036705,564.1964365174149,769.0137096944255
2021-06-25,25.640475125651264,159.49943655740532,287.335899301645,555.6043996002729,757.750984746569
2021-06-26,25.66798226215593,157.89097066154136,283.29094305786106,546.2425359167019,745.6182599063629
2021-06-27,25.695469955322267,156.42272547241453,279.5978957957809,537.3872817146478,734.1499351251642
